 YYYY DAY  RAD_AU  HGI_LAT  HGI_LON
2018 225    1.0131753     6.472587     243.755620
2018 226    1.0127767     6.448301     244.321937
2018 227    1.0121877     6.423451     244.889185
2018 228    1.0114083     6.397968     245.457285
2018 229    1.0104382     6.371830     246.026383
2018 230    1.0092772     6.345021     246.596669
2018 231    1.0079250     6.317524     247.168349
2018 232    1.0063810     6.289323     247.741616
2018 233    1.0046443     6.260391     248.316518
2018 234    1.0027146     6.230719     248.893347
2018 235    1.0005917     6.200299     249.472457
2018 236    0.9982750     6.169113     250.054082
2018 237    0.9957638     6.137141     250.638465
2018 238    0.9930574     6.104364     251.225854
2018 239    0.9901550     6.070761     251.816501
2018 240    0.9870558     6.036308     252.410669
2018 241    0.9837589     6.000980     253.008627
2018 242    0.9802634     5.964754     253.610653
2018 243    0.9765680     5.927600     254.217034
2018 244    0.9726719     5.889491     254.828074
2018 245    0.9685737     5.850397     255.444092
2018 246    0.9642722     5.810283     256.065390
2018 247    0.9597663     5.769114     256.692300
2018 248    0.9550544     5.726851     257.325170
2018 249    0.9501351     5.683456     257.964360
2018 250    0.9450069     5.638886     258.610249
2018 251    0.9396681     5.593096     259.263232
2018 252    0.9341171     5.546038     259.923724
2018 253    0.9283520     5.497661     260.592160
2018 254    0.9223710     5.447911     261.268997
2018 255    0.9161721     5.396728     261.954718
2018 256    0.9097532     5.344052     262.649831
2018 257    0.9031121     5.289816     263.354873
2018 258    0.8962467     5.233947     264.070412
2018 259    0.8891545     5.176371     264.797053
2018 260    0.8818330     5.117006     265.535433
2018 261    0.8742797     5.055765     266.286234
2018 262    0.8664917     4.992552     267.050181
2018 263    0.8584663     4.927268     267.828048
2018 264    0.8502006     4.859804     268.620660
2018 265    0.8416913     4.790042     269.428903
2018 266    0.8329353     4.717855     270.253732
2018 267    0.8239291     4.643108     271.096157
2018 268    0.8146693     4.565652     271.957283
2018 269    0.8051521     4.485328     272.838294
2018 270    0.7953737     4.401959     273.740472
2018 271    0.7853301     4.315358     274.665205
2018 272    0.7750171     4.225318     275.613999
2018 273    0.7644302     4.131614     276.588493
2018 274    0.7535648     4.033998     277.590469
2018 275    0.7424159     3.932197     278.621868
2018 276    0.7309764     3.825903     279.684746
2018 277    0.7196629     3.769346     280.715085
2018 278    0.7082955     3.740752     281.743347
2018 279    0.6965745     3.709950     282.805702
2018 280    0.6844911     3.676739     283.904948
2018 281    0.6720364     3.640895     285.044253
2018 282    0.6592015     3.602152     286.227172
2018 283    0.6459770     3.560222     287.457703
2018 284    0.6323529     3.514768     288.740356
2018 285    0.6183188     3.465406     290.080244
2018 286    0.6038636     3.411691     291.483188
2018 287    0.5889758     3.353106     292.955847
2018 288    0.5736433     3.289048     294.505886
2018 289    0.5578535     3.218811     296.142170
2018 290    0.5415934     3.141563     297.875021
2018 291    0.5248497     3.056318     299.716536
2018 292    0.5076088     2.961895     301.680995
2018 293    0.4898574     2.856875     303.785383
2018 294    0.4715828     2.739538     306.050072
2018 295    0.4527733     2.607787     308.499713
2018 296    0.4334194     2.459040     311.164426
2018 297    0.4135156     2.290094     314.081394
2018 298    0.3930618     2.096951     317.297023
2018 299    0.3720679     1.874582     320.869904
2018 300    0.3505580     1.616637     324.874900
2018 301    0.3285798     1.315092     329.408798
2018 302    0.3062173     0.959885     334.598082
2018 303    0.2836119     0.538682     340.609345
2018 304    0.2609966     0.037209     347.662330
2018 305    0.2387482    -0.558801     356.043351
2018 306    0.2174661    -1.257645       6.110252
2018 307    0.1980748    -2.047381      18.263622
2018 308    0.1819106    -2.869399      32.829888
2018 309    0.1706644    -3.590399      49.791932
2018 310    0.1659729    -4.021064      68.436593
2018 311    0.1686654    -4.028220      87.316719
2018 312    0.1782543    -3.646618     104.864325
2018 313    0.1932443    -3.036587     120.132850
2018 314    0.2119001    -2.356942     132.939757
2018 315    0.2327711    -1.702946     143.549460
2018 316    0.2548255    -1.114221     152.360154
2018 317    0.2773853    -0.599510     159.748089
2018 318    0.3000215    -0.154270     166.020649
2018 319    0.3224680     0.230359     171.415456
2018 320    0.3445621     0.563708     176.112864
2018 321    0.3662066     0.854174     180.249570
2018 322    0.3873456     1.108862     183.929859
2018 323    0.4079492     1.333625     187.234114
2018 324    0.4280045     1.533237     190.225013
2018 325    0.4475091     1.711581     192.952024
2018 326    0.4664673     1.871821     195.454647
2018 327    0.4848878     2.016551     197.764775
2018 328    0.5027817     2.147904     199.908436
2018 329    0.5201614     2.267650     201.907077
2018 330    0.5370403     2.377262     203.778536
2018 331    0.5534319     2.477978     205.537772
2018 332    0.5693495     2.570843     207.197432
2018 333    0.5848062     2.656743     208.768283
2018 334    0.5998148     2.736436     210.259559
2018 335    0.6143875     2.810575     211.679224
2018 336    0.6285360     2.879720     213.034191
2018 337    0.6422714     2.944359     214.330492
2018 338    0.6556043     3.004916     215.573417
2018 339    0.6685448     3.061766     216.767629
2018 340    0.6811024     3.115234     217.917257
2018 341    0.6932861     3.165608     219.025971
2018 342    0.7051046     3.213146     220.097049
2018 343    0.7165657     3.258072     221.133427
2018 344    0.7276774     3.300597     222.137748
2018 345    0.7384468     3.340935     223.112403
2018 346    0.7488807     3.379207     224.059539
2018 347    0.7589856     3.415559     224.981119
2018 348    0.7687677     3.450123     225.878926
2018 349    0.7782326     3.483019     226.754593
2018 350    0.7873860     3.514353     227.609614
2018 351    0.7962329     3.544225     228.445362
2018 352    0.8047784     3.572724     229.263101
2018 353    0.8130270     3.599930     230.063998
2018 354    0.8209832     3.625918     230.849134
2018 355    0.8286511     3.650757     231.619510
2018 356    0.8360347     3.674507     232.376059
2018 357    0.8431377     3.697227     233.119648
2018 358    0.8499636     3.718969     233.851089
2018 359    0.8565158     3.739781     234.571141
2018 360    0.8627974     3.759708     235.280516
2018 361    0.8688113     3.778790     235.979883
2018 362    0.8745605     3.797065     236.669874
2018 363    0.8800475     3.814569     237.351084
2018 364    0.8852748     3.831332     238.024077
2018 365    0.8902447     3.847386     238.689387
2019   1    0.8949596     3.862757     239.347522
2019   2    0.8994214     3.877471     239.998965
2019   3    0.9036320     3.891551     240.644179
2019   4    0.9075933     3.905019     241.283604
2019   5    0.9113070     3.917895     241.917664
2019   6    0.9147746     3.930197     242.546766
2019   7    0.9179975     3.941942     243.171301
2019   8    0.9209772     3.953146     243.791647
2019   9    0.9237147     3.963823     244.408170
2019  10    0.9262114     3.973986     245.021224
2019  11    0.9284680     3.983647     245.631155
2019  12    0.9304857     3.992817     246.238297
2019  13    0.9322651     4.001505     246.842980
2019  14    0.9338070     4.009720     247.445525
2019  15    0.9351121     4.017471     248.046247
2019  16    0.9361807     4.024763     248.645458
2019  17    0.9370134     4.031603     249.243462
2019  18    0.9376105     4.037995     249.840565
2019  19    0.9379721     4.043945     250.437066
2019  20    0.9380986     4.049455     251.033265
2019  21    0.9379898     4.054528     251.629461
2019  22    0.9376458     4.059166     252.225952
2019  23    0.9370664     4.063369     252.823037
2019  24    0.9362514     4.067138     253.421017
2019  25    0.9352005     4.070471     254.020196
2019  26    0.9339133     4.073368     254.620879
2019  27    0.9323892     4.075824     255.223377
2019  28    0.9306276     4.077838     255.828006
2019  29    0.9286279     4.079405     256.435086
2019  30    0.9263892     4.080520     257.044946
2019  31    0.9239106     4.081175     257.657921
2019  32    0.9211911     4.081365     258.274355
2019  33    0.9182297     4.081081     258.894602
2019  34    0.9150251     4.080314     259.519028
2019  35    0.9115759     4.079053     260.148010
2019  36    0.9078808     4.077286     260.781940
2019  37    0.9039381     4.075000     261.421222
2019  38    0.8997462     4.072182     262.066279
2019  39    0.8953034     4.068814     262.717552
2019  40    0.8906076     4.064880     263.375502
2019  41    0.8856568     4.060360     264.040610
2019  42    0.8804489     4.055233     264.713385
2019  43    0.8749815     4.049475     265.394357
2019  44    0.8692521     4.043063     266.084091
2019  45    0.8632581     4.035968     266.783179
2019  46    0.8569967     4.028159     267.492251
2019  47    0.8504649     4.019604     268.211975
2019  48    0.8436597     4.010267     268.943059
2019  49    0.8365776     4.000108     269.686261
2019  50    0.8292151     3.989083     270.442393
2019  51    0.8215687     3.977145     271.212312
2019  52    0.8136342     3.964243     271.996950
2019  53    0.8054077     3.950317     272.797304
2019  54    0.7968846     3.935307     273.614452
2019  55    0.7880605     3.919142     274.449555
2019  56    0.7789302     3.901745     275.303871
2019  57    0.7694888     3.883032     276.178767
2019  58    0.7597308     3.862910     277.075730
2019  59    0.7496503     3.841273     277.996382
2019  60    0.7392412     3.818007     278.942500
2019  61    0.7284972     3.792981     279.916034
2019  62    0.7174113     3.766052     280.919127
2019  63    0.7059764     3.737058     281.954150
2019  64    0.6941849     3.705816     283.023726
2019  65    0.6820287     3.672122     284.130772
2019  66    0.6694993     3.635741     285.278544
2019  67    0.6565877     3.596411     286.470683
2019  68    0.6432844     3.553829     287.711287
2019  69    0.6295794     3.507652     289.004982
2019  70    0.6154621     3.457481     290.357012
2019  71    0.6009215     3.402858     291.773356
2019  72    0.5859458     3.343251     293.260861
2019  73    0.5705230     3.278039     294.827414
2019  74    0.5546402     3.206492     296.482149
2019  75    0.5382846     3.127749     298.235716
2019  76    0.5214426     3.040788     300.100614
2019  77    0.5041007     2.944383     302.091617
2019  78    0.4862457     2.837062     304.226326
2019  79    0.4678650     2.717036     306.525890
2019  80    0.4489474     2.582118     309.015948
2019  81    0.4294839     2.429613     311.727890
2019  82    0.4094699     2.256173     314.700547
2019  83    0.3889070     2.057613     317.982493
2019  84    0.3678074     1.828662     321.635204
2019  85    0.3461993     1.562660     325.737413
2019  86    0.3241361     1.251198     330.391145
2019  87    0.3017115     0.883761     335.729977
2019  88    0.2790820     0.447559     341.930015
2019  89    0.2565044    -0.071934     349.223308
2019  90    0.2343926    -0.688482     357.910626
2019  91    0.2134026    -1.407865       8.362467
2019  92    0.1945363    -2.211330      20.978039
2019  93    0.1792136    -3.027080      36.041959
2019  94    0.1691613    -3.706330      53.423965
2019  95    0.1659192    -4.059313      72.247434
2019  96    0.1700715    -3.980902      90.974370
2019  97    0.1808782    -3.539609     108.114843
2019  98    0.1967353    -2.904922     122.885751
2019  99    0.2159362    -2.224959     135.224338
2019 100    0.2371132    -1.582104     145.441855
2019 101    0.2593132    -1.007973     153.939953
2019 102    0.2819160    -0.507596     161.082669
2019 103    0.3045314    -0.075079     167.162779
2019 104    0.3269178     0.298724     172.405322
2019 105    0.3489281     0.623016     176.980889
2019 106    0.3704750     0.905943     181.018885
2019 107    0.3915086     1.154349     184.618220
2019 108    0.4120032     1.373858     187.855302
2019 109    0.4319483     1.569050     190.789856
2019 110    0.4513432     1.743652     193.469129
2019 111    0.4701931     1.900704     195.930935
2019 112    0.4885074     2.042699     198.205873
2019 113    0.5062975     2.171694     200.318962
2019 114    0.5235761     2.289391     202.290860
2019 115    0.5403566     2.397216     204.138775
2019 116    0.5566524     2.496363     205.877166
2019 117    0.5724769     2.587843     207.518271
2019 118    0.5878431     2.672517     209.072526
2019 119    0.6027637     2.751120     210.548892
2019 120    0.6172508     2.824283     211.955107
2019 121    0.6313159     2.892553     213.297894
2019 122    0.6449701     2.956404     214.583129
2019 123    0.6582239     3.016251     215.815966
2019 124    0.6710872     3.072456     217.000956
2019 125    0.6835695     3.125337     218.142130
2019 126    0.6956796     3.175177     219.243075
2019 127    0.7074261     3.222224     220.306996
2019 128    0.7188169     3.266702     221.336767
2019 129    0.7298597     3.308809     222.334975
2019 130    0.7405615     3.348720     223.303956
2019 131    0.7509291     3.386596     224.245827
2019 132    0.7609690     3.422580     225.162511
2019 133    0.7706871     3.456801     226.055761
2019 134    0.7800894     3.489375     226.927180
2019 135    0.7891810     3.520410     227.778237
2019 136    0.7979673     3.550001     228.610282
2019 137    0.8064530     3.578236     229.424560
2019 138    0.8146428     3.605193     230.222218
2019 139    0.8225410     3.630946     231.004321
2019 140    0.8301517     3.655562     231.771857
2019 141    0.8374789     3.679102     232.525744
2019 142    0.8445262     3.701622     233.266838
2019 143    0.8512971     3.723175     233.995939
2019 144    0.8577949     3.743806     234.713797
2019 145    0.8640227     3.763561     235.421116
2019 146    0.8699835     3.782478     236.118556
2019 147    0.8756799     3.800597     236.806742
2019 148    0.8811148     3.817949     237.486262
2019 149    0.8862904     3.834569     238.157673
2019 150    0.8912091     3.850484     238.821506
2019 151    0.8958732     3.865721     239.478262
2019 152    0.9002845     3.880307     240.128420
2019 153    0.9044452     3.894263     240.772439
2019 154    0.9083568     3.907611     241.410755
2019 155    0.9120211     3.920370     242.043788
2019 156    0.9154396     3.932560     242.671943
2019 157    0.9186137     3.944196     243.295608
2019 158    0.9215448     3.955293     243.915157
2019 159    0.9242341     3.965866     244.530955
2019 160    0.9266826     3.975928     245.143355
2019 161    0.9288913     3.985490     245.752698
2019 162    0.9308612     3.994562     246.359320
2019 163    0.9325930     4.003155     246.963547
2019 164    0.9340874     4.011277     247.565700
2019 165    0.9353451     4.018935     248.166092
2019 166    0.9363664     4.026136     248.765033
2019 167    0.9371519     4.032887     249.362830
2019 168    0.9377018     4.039191     249.959786
2019 169    0.9380163     4.045052     250.556199
2019 170    0.9380957     4.050475     251.152371
2019 171    0.9379398     4.055461     251.748599
2019 172    0.9375486     4.060012     252.345181
2019 173    0.9369220     4.064128     252.942418
2019 174    0.9360598     4.067810     253.540610
2019 175    0.9349616     4.071056     254.140062
2019 176    0.9336269     4.073865     254.741080
2019 177    0.9320552     4.076233     255.343975
2019 178    0.9302460     4.078158     255.949065
2019 179    0.9281984     4.079635     256.556671
2019 180    0.9259117     4.080659     257.167123
2019 181    0.9233849     4.081222     257.780758
2019 182    0.9206170     4.081318     258.397923
2019 183    0.9176069     4.080938     259.018973
2019 184    0.9143533     4.080073     259.644276
2019 185    0.9108549     4.078712     260.274212
2019 186    0.9071103     4.076842     260.909176
2019 187    0.9031178     4.074452     261.549575
2019 188    0.8988757     4.071525     262.195836
2019 189    0.8943822     4.068045     262.848403
2019 190    0.8896355     4.063995     263.507742
2019 191    0.8846333     4.059356     264.174339
2019 192    0.8793735     4.054105     264.848706
2019 193    0.8738537     4.048219     265.531382
2019 194    0.8680714     4.041673     266.222934
2019 195    0.8620240     4.034437     266.923965
2019 196    0.8557085     4.026482     267.635109
2019 197    0.8491221     4.017774     268.357044
2019 198    0.8422615     4.008276     269.090486
2019 199    0.8351234     3.997948     269.836205
2019 200    0.8277043     3.986744     270.595022
2019 201    0.8200003     3.974618     271.367806
2019 202    0.8120075     3.961516     272.155503
2019 203    0.8037218     3.947380     272.959127
2019 204    0.7951386     3.932144     273.779769
2019 205    0.7862533     3.915739     274.618610
2019 206    0.7770610     3.898087     275.476929
2019 207    0.7675564     3.879100     276.356116
2019 208    0.7577340     3.858684     277.257683
2019 209    0.7475880     3.836731     278.183284
2019 210    0.7371121     3.813124     279.134727
2019 211    0.7262999     3.787730     280.113998
2019 212    0.7151445     3.760402     281.123286
2019 213    0.7036385     3.730973     282.165008
2019 214    0.6917743     3.699258     283.241843
2019 215    0.6795438     3.665046     284.356774
2019 216    0.6669382     3.628098     285.513126
2019 217    0.6539486     3.588142     286.714631
2019 218    0.6405653     3.544870     287.965483
2019 219    0.6267782     3.497927     289.270425
2019 220    0.6125767     3.446904     290.634840
2019 221    0.5979495     3.391329     292.064868
2019 222    0.5828848     3.330653     293.567551
2019 223    0.5673704     3.264235     295.151008
2019 224    0.5513935     3.191320     296.824654
2019 225    0.5349410     3.111019     298.599482
2019 226    0.5179994     3.022270     300.488409
2019 227    0.5005553     2.923806     302.506728
2019 228    0.4825954     2.814093     304.672692
2019 229    0.4641073     2.691271     307.008265
2019 230    0.4450803     2.553060     309.540130
2019 231    0.4255060     2.396649     312.301020
2019 232    0.4053809     2.218537     315.331517
2019 233    0.3847083     2.014341     318.682504
2019 234    0.3635031     1.778538     322.418530
2019 235    0.3417976     1.504147     326.622467
2019 236    0.3196520     1.182361     331.401941
2019 237    0.2971703     0.802208     336.898116
2019 238    0.2745258     0.350467     343.297228
2019 239    0.2520012    -0.187540     350.844278
2019 240    0.2300517    -0.824777     359.854760
2019 241    0.2093941    -1.563821      10.710529
2019 242    0.1911117    -2.377859      23.804003
2019 243    0.1767049    -3.180642      39.365508
2019 244    0.1679174    -3.809063      57.135968
2019 245    0.1661580    -4.078498      76.076365
2019 246    0.1717478    -3.916340      94.588306
2019 247    0.1837137    -3.421739     111.289017
2019 248    0.2003743    -2.768030     125.558806
2019 249    0.2200701    -2.090892     137.440047
2019 250    0.2415184    -1.460469     147.279666
2019 251    0.2638415    -0.901284     155.478000
2019 252    0.2864733    -0.415213     162.385695
2019 253    0.3090591     0.004720     168.281089
2019 254    0.3313800     0.367837     173.377144
2019 255    0.3533032     0.683183     177.835177
2019 256    0.3747503     0.958647     181.777696
2019 257    0.3956774     1.200815     185.298524
2019 258    0.4160623     1.415084     188.470304
2019 259    0.4358968     1.605850     191.349956
2019 260    0.4551817     1.776688     193.982617
2019 261    0.4739234     1.930518     196.404491
2019 262    0.4921314     2.069738     198.644939
2019 263    0.5098178     2.196326     200.728016
2019 264    0.5269952     2.311925     202.673619
2019 265    0.5436773     2.417909     204.498354
2019 266    0.5598773     2.515432     206.216193
2019 267    0.5756087     2.605474     207.838982
2019 268    0.5908844     2.688866     209.376837
2019 269    0.6057169     2.766323     210.838452
2019 270    0.6201182     2.838456     212.231347
2019 271    0.6340999     2.905798     213.562063
2019 272    0.6476728     2.968809     214.836318
2019 273    0.6608473     3.027892     216.059139
2019 274    0.6736332     3.083400     217.234965
2019 275    0.6860400     3.135645     218.367731
2019 276    0.6980764     3.184902     219.460943
2019 277    0.7097507     3.231413     220.517736
2019 278    0.7210709     3.275396     221.540922
2019 279    0.7320445     3.317045     222.533036
2019 280    0.7426786     3.356533     223.496367
2019 281    0.7529798     3.394015     224.432990
2019 282    0.7629545     3.429633     225.344792
2019 283    0.7726086     3.463511     226.233496
2019 284    0.7819479     3.495766     227.100676
2019 285    0.7909777     3.526501     227.947774
2019 286    0.7997032     3.555810     228.776121
2019 287    0.8081290     3.583779     229.586938
2019 288    0.8162598     3.610486     230.381357
2019 289    0.8240998     3.636004     231.160427
2019 290    0.8316532     3.660397     231.925120
2019 291    0.8389237     3.683726     232.676341
2019 292    0.8459151     3.706047     233.414936
2019 293    0.8526308     3.727409     234.141693
2019 294    0.8590740     3.747860     234.857352
2019 295    0.8652478     3.767442     235.562609
2019 296    0.8711551     3.786195     236.258116
2019 297    0.8767987     3.804155     236.944490
2019 298    0.8821812     3.821358     237.622313
2019 299    0.8873049     3.837832     238.292137
2019 300    0.8921722     3.853608     238.954486
2019 301    0.8967852     3.868712     239.609856
2019 302    0.9011459     3.883168     240.258723
2019 303    0.9052562     3.897000     240.901539
2019 304    0.9091179     3.910227     241.538740
2019 305    0.9127326     3.922870     242.170740
2019 306    0.9161017     3.934946     242.797941
2019 307    0.9192268     3.946472     243.420729
2019 308    0.9221091     3.957463     244.039476
2019 309    0.9247497     3.967931     244.654544
2019 310    0.9271499     3.977891     245.266283
2019 311    0.9293104     3.987354     245.875033
2019 312    0.9312322     3.996329     246.481129
2019 313    0.9329162     4.004826     247.084895
2019 314    0.9343628     4.012854     247.686649
2019 315    0.9355728     4.020419     248.286707
2019 316    0.9365466     4.027529     248.885375
2019 317    0.9372845     4.034189     249.482961
2019 318    0.9377869     4.040404     250.079765
2019 319    0.9380540     4.046177     250.676088
2019 320    0.9380859     4.051511     251.272229
2019 321    0.9378826     4.056410     251.868486
2019 322    0.9374440     4.060873     252.465158
2019 323    0.9367699     4.064902     253.062544
2019 324    0.9358600     4.068496     253.660947
2019 325    0.9347141     4.071654     254.260671
2019 326    0.9333317     4.074375     254.862024
2019 327    0.9317121     4.076655     255.465317
2019 328    0.9298548     4.078490     256.070869
2019 329    0.9277590     4.079876     256.679002
2019 330    0.9254239     4.080808     257.290049
2019 331    0.9228486     4.081278     257.904348
2019 332    0.9200319     4.081279     258.522247
2019 333    0.9169727     4.080803     259.144104
2019 334    0.9136698     4.079839     259.770290
2019 335    0.9101217     4.078377     260.401186
2019 336    0.9063271     4.076404     261.037191
2019 337    0.9022843     4.073907     261.678715
2019 338    0.8979916     4.070871     262.326190
2019 339    0.8934471     4.067278     262.980062
2019 340    0.8886488     4.063112     263.640801
2019 341    0.8835947     4.058352     264.308900
2019 342    0.8782825     4.052975     264.984874
2019 343    0.8727098     4.046959     265.669268
2019 344    0.8668739     4.040277     266.362653
2019 345    0.8607722     4.032900     267.065641
2019 346    0.8544019     4.024797     267.778875
2019 347    0.8477600     4.015933     268.503040
2019 348    0.8408433     4.006272     269.238864
2019 349    0.8336483     3.995771     269.987122
2019 350    0.8261714     3.984387     270.748651
2019 351    0.8184090     3.972069     271.524330
2019 352    0.8103568     3.958765     272.315119
2019 353    0.8020108     3.944413     273.122046
2019 354    0.7933663     3.928948     273.946220
2019 355    0.7844187     3.912300     274.788839
2019 356    0.7751628     3.894386     275.651203
2019 357    0.7655934     3.875120     276.534721
2019 358    0.7557048     3.854404     277.440930
2019 359    0.7454908     3.832128     278.371498
2019 360    0.7349443     3.808172     279.328223
2019 361    0.7242858     3.786139     280.285472
2019 362    0.7140668     3.774012     281.192483
2019 363    0.7034541     3.760537     282.126547
2019 364    0.6924360     3.745597     283.089804
2019 365    0.6810021     3.729056     284.084800
2020   1    0.6691419     3.710758     285.114401
2020   2    0.6568438     3.690525     286.181825
2020   3    0.6440956     3.668153     287.290704
2020   4    0.6308842     3.643405     288.445148
2020   5    0.6171953     3.616005     289.649833
2020   6    0.6030137     3.585634     290.910110
2020   7    0.5883229     3.551912     292.232134
2020   8    0.5731053     3.514396     293.623032
2020   9    0.5573415     3.472554     295.091109
2020  10    0.5410109     3.425750     296.646114
2020  11    0.5240910     3.373213     298.299589
2020  12    0.5065576     3.313987     300.065332
2020  13    0.4883849     3.246942     301.959899
2020  14    0.4695450     3.170643     304.003481
2020  15    0.4500082     3.083290     306.220943
2020  16    0.4297432     2.982585     308.643296
2020  17    0.4087179     2.865564     311.309767
2020  18    0.3868999     2.728339     314.270765
2020  19    0.3642593     2.565733     317.592227
2020  20    0.3407719     2.370721     321.362116
2020  21    0.3164268     2.133607     325.700403
2020  22    0.2912393     1.840770     330.774710
2020  23    0.2652755     1.472809     336.825376
2020  24    0.2387012     1.002021     344.205919
2020  25    0.2118760     0.389925     353.446798
2020  26    0.1855426    -0.410847       5.343880
2020  27    0.1611800    -1.433246      21.019692
2020  28    0.1415200    -2.605471      41.681691
2020  29    0.1306404    -3.580987      67.377997
2020  30    0.1319961    -3.837913      95.046239
2020  31    0.1450966    -3.321573     119.844198
2020  32    0.1660559    -2.473103     139.408728
2020  33    0.1910130    -1.635044     154.194988
2020  34    0.2175418    -0.920587     165.453101
2020  35    0.2443590    -0.336419     174.243775
2020  36    0.2708256     0.139070     181.302141
2020  37    0.2966346     0.529465     187.116283
2020  38    0.3216473     0.854111     192.012258
2020  39    0.3458111     1.127718     196.212723
2020  40    0.3691178     1.361256     199.873730
2020  41    0.3915822     1.562915     203.107498
2020  42    0.4132299     1.738864     205.996672
2020  43    0.4340917     1.893808     208.603448
2020  44    0.4541999     2.031385     210.975547
2020  45    0.4735868     2.154441     213.150224
2020  46    0.4922831     2.265234     215.157015
2020  47    0.5103184     2.365573     217.019666
2020  48    0.5277199     2.456926     218.757506
2020  49    0.5445134     2.540495     220.386447
2020  50    0.5607226     2.617275     221.919722
2020  51    0.5763695     2.688093     223.368438
2020  52    0.5914744     2.753646     224.742000
2020  53    0.6060563     2.814523     226.048430
2020  54    0.6201327     2.871226     227.294620
2020  55    0.6337196     2.924186     228.486535
2020  56    0.6468321     2.973775     229.629362
2020  57    0.6594842     3.020314     230.727643
2020  58    0.6716888     3.064084     231.785375
2020  59    0.6834580     3.105331     232.806090
2020  60    0.6948029     3.144271     233.792927
2020  61    0.7057339     3.181095     234.748690
2020  62    0.7162609     3.215971     235.675887
2020  63    0.7263928     3.249052     236.576776
2020  64    0.7361383     3.280469     237.453399
2020  65    0.7455051     3.310345     238.307602
2020  66    0.7545007     3.338785     239.141067
2020  67    0.7631321     3.365889     239.955329
2020  68    0.7714056     3.391742     240.751791
2020  69    0.7793274     3.416425     241.531745
2020  70    0.7869031     3.440008     242.296377
2020  71    0.7941380     3.462558     243.046786
2020  72    0.8010372     3.484132     243.783991
2020  73    0.8076051     3.504786     244.508935
2020  74    0.8138461     3.524569     245.222501
2020  75    0.8197643     3.543524     245.925514
2020  76    0.8253635     3.561695     246.618744
2020  77    0.8306471     3.579117     247.302920
2020  78    0.8356184     3.595826     247.978724
2020  79    0.8402803     3.611853     248.646806
2020  80    0.8446358     3.627226     249.307778
2020  81    0.8486874     3.641974     249.962224
2020  82    0.8524375     3.656119     250.610702
2020  83    0.8558881     3.669683     251.253745
2020  84    0.8590414     3.682688     251.891863
2020  85    0.8618991     3.695151     252.525549
2020  86    0.8644628     3.707090     253.155279
2020  87    0.8667339     3.718519     253.781512
2020  88    0.8687137     3.729453     254.404697
2020  89    0.8704033     3.739903     255.025270
2020  90    0.8718037     3.749881     255.643658
2020  91    0.8729155     3.759397     256.260279
2020  92    0.8737394     3.768459     256.875548
2020  93    0.8742759     3.777074     257.489872
2020  94    0.8745252     3.785250     258.103655
2020  95    0.8744875     3.792990     258.717301
2020  96    0.8741627     3.800300     259.331212
2020  97    0.8735507     3.807182     259.945792
2020  98    0.8726512     3.813637     260.561445
2020  99    0.8714636     3.819668     261.178581
2020 100    0.8699873     3.825273     261.797615
2020 101    0.8682215     3.830452     262.418968
2020 102    0.8661652     3.835201     263.043070
2020 103    0.8638173     3.839517     263.670361
2020 104    0.8611765     3.843396     264.301290
2020 105    0.8582413     3.846830     264.936324
2020 106    0.8550100     3.849813     265.575943
2020 107    0.8514808     3.852336     266.220643
2020 108    0.8476517     3.854388     266.870943
2020 109    0.8435204     3.855957     267.527382
2020 110    0.8390846     3.857030     268.190524
2020 111    0.8343416     3.857591     268.860963
2020 112    0.8292885     3.857622     269.539321
2020 113    0.8239222     3.857105     270.226261
2020 114    0.8182395     3.856017     270.922470
2020 115    0.8122368     3.854333     271.628692
2020 116    0.8059101     3.852026     272.345714
2020 117    0.7992555     3.849066     273.074376
2020 118    0.7922686     3.845418     273.815578
2020 119    0.7849445     3.841044     274.570284
2020 120    0.7772782     3.835902     275.339535
2020 121    0.7692645     3.829945     276.124455
2020 122    0.7608974     3.823119     276.926259
2020 123    0.7521708     3.815367     277.746268
2020 124    0.7430782     3.806621     278.585923
2020 125    0.7336125     3.796807     279.446799
2020 126    0.7237661     3.785843     280.330621
2020 127    0.7135310     3.773634     281.239290
2020 128    0.7028986     3.760073     282.174905
2020 129    0.6918595     3.745041     283.139791
2020 130    0.6804040     3.728400     284.136536
2020 131    0.6685213     3.709993     285.168032
2020 132    0.6562001     3.689641     286.237523
2020 133    0.6434281     3.667138     287.348664
2020 134    0.6301920     3.642245     288.505593
2020 135    0.6164777     3.614684     289.713021
2020 136    0.6022698     3.584133     290.976337
2020 137    0.5875519     3.550209     292.301744
2020 138    0.5723061     3.512465     293.696423
2020 139    0.5565131     3.470363     295.168747
2020 140    0.5401522     3.423263     296.728550
2020 141    0.5232009     3.370387     298.387472
2020 142    0.5056350     3.310791     300.159410
2020 143    0.4874283     3.243308     302.061116
2020 144    0.4685529     3.166490     304.112996
2020 145    0.4489791     3.078512     306.340193
2020 146    0.4286754     2.977047     308.774084
2020 147    0.4076096     2.859091     311.454394
2020 148    0.3857495     2.720700     314.432213
2020 149    0.3630653     2.556615     317.774435
2020 150    0.3395333     2.359697     321.570401
2020 151    0.3151435     2.120083     325.942101
2020 152    0.2899131     1.823902     331.060207
2020 153    0.2639120     1.451391     337.169764
2020 154    0.2373130     0.974338     344.631667
2020 155    0.2104898     0.353675     353.987819
2020 156    0.1842128    -0.458125       6.050380
2020 157    0.1600126    -1.491681      21.957354
2020 158    0.1406983    -2.665305      42.899153
2020 159    0.1303890    -3.615567      68.805186
2020 160    0.1324075    -3.827348      96.439438
2020 161    0.1460247    -3.281639     120.993307
2020 162    0.1672762    -2.427589     140.284859
2020 163    0.1923632    -1.594567     154.857322
2020 164    0.2189320    -0.887142     165.964330
2020 165    0.2457436    -0.309214     174.649554
2020 166    0.2721823     0.161305     181.633004
2020 167    0.2979529     0.547852     187.392502
2020 168    0.3229227     0.869519     192.247532
2020 169    0.3470423     1.140800     196.416546
2020 170    0.3703052     1.372499     200.052856
2020 171    0.3927267     1.572682     203.266850
2020 172    0.4143332     1.747432     206.139923
2020 173    0.4351553     1.901390     208.733393
2020 174    0.4552256     2.038146     211.094352
2020 175    0.4745760     2.160511     213.259597
2020 176    0.4932376     2.270717     215.258328
2020 177    0.5112395     2.370553     217.114022
2020 178    0.5286091     2.461471     218.845808
2020 179    0.5453719     2.544663     220.469444
2020 180    0.5615516     2.621112     221.998038
2020 181    0.5771702     2.691638     223.442600
2020 182    0.5922478     2.756932     224.812456
2020 183    0.6068033     2.817579     226.115563
2020 184    0.6208542     2.874075     227.358760
2020 185    0.6344165     2.926850     228.547966
2020 186    0.6475052     2.976270     229.688334
2020 187    0.6601343     3.022657     230.784371
2020 188    0.6723165     3.066288     231.840048
2020 189    0.6840640     3.107408     232.858872
2020 190    0.6953880     3.146231     233.843960
2020 191    0.7062991     3.182946     234.798086
2020 192    0.7168072     3.217721     235.723717
2020 193    0.7269253     3.250695     236.622825
2020 194    0.7352923     3.278651     237.396225
2020 195    0.7429985     3.305008     238.139859
2020 196    0.7502901     3.330302     238.868751
2020 197    0.7571746     3.354601     239.584066
2020 198    0.7636584     3.377967     240.286912
2020 199    0.7697474     3.400457     240.978323
2020 200    0.7754469     3.422122     241.659261
2020 201    0.7807619     3.443010     242.330629
2020 202    0.7856967     3.463152     242.993246
2020 203    0.7902554     3.482586     243.647908
2020 204    0.7944419     3.501361     244.295393
2020 205    0.7982597     3.519508     244.936413
2020 206    0.8017118     3.537058     245.571646
2020 207    0.8048008     3.554036     246.201741
2020 208    0.8075292     3.570468     246.827321
2020 209    0.8098992     3.586376     247.448986
2020 210    0.8119125     3.601781     248.067316
2020 211    0.8135707     3.616701     248.682877
2020 212    0.8148750     3.631152     249.296220
2020 213    0.8158265     3.645151     249.907887
2020 214    0.8164258     3.658709     250.518410
2020 215    0.8166733     3.671840     251.128319
2020 216    0.8165694     3.684554     251.738138
2020 217    0.8161138     3.696860     252.348392
2020 218    0.8153063     3.708766     252.959607
2020 219    0.8141462     3.720279     253.572316
2020 220    0.8126327     3.731403     254.187055
2020 221    0.8107647     3.742142     254.804373
2020 222    0.8085406     3.752500     255.424830
2020 223    0.8059589     3.762477     256.049000
2020 224    0.8030175     3.772072     256.677476
2020 225    0.7997141     3.781285     257.310873
2020 226    0.7960461     3.790112     257.949828
2020 227    0.7920107     3.798548     258.595011
2020 228    0.7876046     3.806586     259.247119
2020 229    0.7828241     3.814218     259.906891
2020 230    0.7776654     3.821434     260.575105
2020 231    0.7721242     3.828222     261.252588
2020 232    0.7661956     3.834565     261.940222
2020 233    0.7598745     3.840446     262.638950
2020 234    0.7531553     3.845846     263.349783
2020 235    0.7460319     3.850738     264.073812
2020 236    0.7384977     3.855097     264.812217
2020 237    0.7305455     3.858889     265.566280
2020 238    0.7221676     3.862078     266.337398
2020 239    0.7133555     3.864621     267.127100
2020 240    0.7041001     3.866469     267.937068
2020 241    0.6943916     3.867566     268.769155
2020 242    0.6842193     3.867845     269.625416
2020 243    0.6735715     3.867232     270.508145
2020 244    0.6624357     3.865638     271.419889
2020 245    0.6507982     3.862961     272.363526
2020 246    0.6386440     3.859080     273.342304
2020 247    0.6259568     3.853855     274.359907
2020 248    0.6127190     3.847119     275.420541
2020 249    0.5989111     3.838674     276.529043
2020 250    0.5845117     3.828285     277.691000
2020 251    0.5694974     3.815665     278.912924
2020 252    0.5538422     3.800471     280.202455
2020 253    0.5375176     3.782279     281.568633
2020 254    0.5204917     3.760568     283.022257
2020 255    0.5027292     3.734685     284.576355
2020 256    0.4841906     3.703809     286.246821
2020 257    0.4648316     3.666883     288.053293
2020 258    0.4446023     3.622538     290.020375
2020 259    0.4234466     3.568961     292.179391
2020 260    0.4013010     3.503709     294.570949
2020 261    0.3780940     3.423414     297.248808
2020 262    0.3537450     3.323314     300.285888
2020 263    0.3281646     3.196468     303.783951
2020 264    0.3012569     3.032408     307.889898
2020 265    0.2729260     2.814687     312.824529
2020 266    0.2430973     2.516218     318.936273
2020 267    0.2117719     2.090004     326.808019
2020 268    0.1791826     1.450392     337.482871
2020 269    0.1462500     0.440114     352.952231
2020 270    0.1159605    -1.166597      17.005613
2020 271    0.0965051    -3.161944      54.269837
2020 272    0.0995129    -3.820022      98.508950
2020 273    0.1227186    -2.829504     132.503428
2020 274    0.1541346    -1.662763     154.049029
2020 275    0.1871416    -0.764232     168.097076
2020 276    0.2194711    -0.103199     177.949445
2020 277    0.2504432     0.393772     185.310420
2020 278    0.2799058     0.779351     191.083220
2020 279    0.3078846     1.087379     195.780361
2020 280    0.3344627     1.339663     199.712498
2020 281    0.3597369     1.550641     203.078824
2020 282    0.3838021     1.730173     206.013170
2020 283    0.4067457     1.885202     208.609012
2020 284    0.4286459     2.020748     210.933796
2020 285    0.4495722     2.140528     213.037544
2020 286    0.4695864     2.247357     214.958232
2020 287    0.4887429     2.343401     216.725285
2020 288    0.5070902     2.430361     218.361905
2020 289    0.5246713     2.509587     219.886675
2020 290    0.5415246     2.582168     221.314681
2020 291    0.5576848     2.648993     222.658322
2020 292    0.5731826     2.710791     223.927901
2020 293    0.5880461     2.768172     225.132064
2020 294    0.6023006     2.821646     226.278132
2020 295    0.6159689     2.871645     227.372355
2020 296    0.6290720     2.918537     228.420110
2020 297    0.6416288     2.962638     229.426051
2020 298    0.6536568     3.004220     230.394240
2020 299    0.6651718     3.043519     231.328236
2020 300    0.6761885     3.080741     232.231178
2020 301    0.6867203     3.116067     233.105851
2020 302    0.6967796     3.149657     233.954735
2020 303    0.7063777     3.181651     234.780051
2020 304    0.7155251     3.212174     235.583798
2020 305    0.7242315     3.241336     236.367778
2020 306    0.7325059     3.269238     237.133630
2020 307    0.7403564     3.295969     237.882844
2020 308    0.7477907     3.321608     238.616785
2020 309    0.7548159     3.346227     239.336704
2020 310    0.7614384     3.369893     240.043757
2020 311    0.7676642     3.392663     240.739009
2020 312    0.7734987     3.414591     241.423454
2020 313    0.7789472     3.435726     242.098017
2020 314    0.7840141     3.456113     242.763561
2020 315    0.7887038     3.475790     243.420901
2020 316    0.7930200     3.494795     244.070803
2020 317    0.7969664     3.513162     244.713994
2020 318    0.8005460     3.530921     245.351163
2020 319    0.8037617     3.548099     245.982969
2020 320    0.8066160     3.564723     246.610044
2020 321    0.8091111     3.580815     247.232995
2020 322    0.8112490     3.596397     247.852411
2020 323    0.8130313     3.611487     248.468860
2020 324    0.8144593     3.626104     249.082900
2020 325    0.8155341     3.640262     249.695075
2020 326    0.8162565     3.653976     250.305921
2020 327    0.8166271     3.667258     250.915968
2020 328    0.8166461     3.680120     251.525741
2020 329    0.8163136     3.692570     252.135766
2020 330    0.8156293     3.704618     252.746567
2020 331    0.8145926     3.716270     253.358676
2020 332    0.8132029     3.727532     253.972626
2020 333    0.8114590     3.738409     254.588962
2020 334    0.8093597     3.748902     255.208239
2020 335    0.8069032     3.759014     255.831027
2020 336    0.8040879     3.768746     256.457912
2020 337    0.8009114     3.778095     257.089500
2020 338    0.7973713     3.787060     257.726421
2020 339    0.7934647     3.795635     258.369331
2020 340    0.7891886     3.803815     259.018919
2020 341    0.7845395     3.811593     259.675909
2020 342    0.7795136     3.818958     260.341063
2020 343    0.7741066     3.825899     261.015192
2020 344    0.7683140     3.832401     261.699156
2020 345    0.7621308     3.838448     262.393877
2020 346    0.7555515     3.844020     263.100342
2020 347    0.7485702     3.849095     263.819611
2020 348    0.7411804     3.853646     264.552833
2020 349    0.7333752     3.857641     265.301252
2020 350    0.7251470     3.861047     266.066223
2020 351    0.7164877     3.863823     266.849228
2020 352    0.7073884     3.865922     267.651891
2020 353    0.6978394     3.867290     268.476004
2020 354    0.6878305     3.867864     269.323548
2020 355    0.6773503     3.867574     270.196731
2020 356    0.6663866     3.866335     271.098000
2020 357    0.6549260     3.864051     272.030120
2020 358    0.6429541     3.860607     272.996197
2020 359    0.6304552     3.855871     273.999756
2020 360    0.6174120     3.849686     275.044810
2020 361    0.6038056     3.841865     276.135961
2020 362    0.5896155     3.832187     277.278518
2020 363    0.5748189     3.820384     278.478648
2020 364    0.5593908     3.806136     279.743570
2020 365    0.5433035     3.789048     281.081801
2020 366    0.5265265     3.768635     282.503476
2021   1    0.5090257     3.744297     284.020780
2021   2    0.4907631     3.715275     285.648519
2021   3    0.4716961     3.680605     287.404905
2021   4    0.4517769     3.639037     289.312637
2021   5    0.4309517     3.588931     291.400449
2021   6    0.4091597     3.528092     293.705342
2021   7    0.3863323     3.453518     296.275929
2021   8    0.3623920     3.361002     299.177561
2021   9    0.3372526     3.244483     302.500489
2021  10    0.3108197     3.094932     306.373377
2021  11    0.2829963     2.898377     310.986744
2021  12    0.2536963     2.632195     316.635851
2021  13    0.2228843     2.257856     323.804118
2021  14    0.1906825     1.706227     333.335894
2021  15    0.1576823     0.849367     346.810672
2021  16    0.1258860    -0.526687       7.291801
2021  17    0.1012617    -2.499036      39.682597
2021  18    0.0956030    -3.846847      83.491446
2021  19    0.1131231    -3.253137     122.263978
2021  20    0.1427665    -2.044251     147.610724
2021  21    0.1756181    -1.047170     163.791877
2021  22    0.2083092    -0.312098     174.855998
2021  23    0.2397892     0.235040     182.955780
2021  24    0.2697821     0.654890     189.210691
2021  25    0.2982719     0.987042     194.240559
2021  26    0.3253289     1.256859     198.412885
2021  27    0.3510479     1.480956     201.958989
2021  28    0.3755254     1.670562     205.031922
2021  29    0.3988517     1.833498     207.737226
2021  30    0.4211083     1.975371     210.150244
2021  31    0.4423678     2.100299     212.326343
2021  32    0.4626943     2.211377     214.307235
2021  33    0.4821449     2.310974     216.125020
2021  34    0.5007699     2.400937     217.804861
2021  35    0.5186143     2.482729     219.366807
2021  36    0.5357180     2.557521     220.827059
2021  37    0.5521169     2.626266     222.198880
2021  38    0.5678430     2.689744     223.493247
2021  39    0.5829254     2.748605     224.719343
2021  40    0.5973901     2.803391     225.884919
2021  41    0.6112610     2.854559     226.996574
2021  42    0.6245596     2.902497     228.059969
2021  43    0.6373055     2.947539     229.079996
2021  44    0.6495167     2.989971     230.060911
2021  45    0.6612096     3.030042     231.006438
2021  46    0.6723993     3.067967     231.919852
2021  47    0.6830995     3.103936     232.804059
2021  48    0.6933231     3.138115     233.661643
2021  49    0.7030817     3.170650     234.494894
2021  50    0.7123864     3.201671     235.305866
2021  51    0.7212478     3.231291     236.096373
2021  52    0.7294442     3.258986     236.852033
2021  53    0.7359446     3.283065     237.528429
2021  54    0.7419964     3.306305     238.193774
2021  55    0.7476085     3.328750     238.848836
2021  56    0.7527871     3.350450     239.494567
2021  57    0.7575374     3.371449     240.131880
2021  58    0.7618643     3.391790     240.761638
2021  59    0.7657721     3.411510     241.384658
2021  60    0.7692646     3.430644     242.001715
2021  61    0.7723453     3.449223     242.613550
2021  62    0.7750170     3.467277     243.220871
2021  63    0.7772822     3.484831     243.824361
2021  64    0.7791432     3.501910     244.424679
2021  65    0.7806015     3.518535     245.022468
2021  66    0.7816586     3.534726     245.618356
2021  67    0.7823155     3.550502     246.212961
2021  68    0.7825726     3.565879     246.806893
2021  69    0.7824304     3.580872     247.400758
2021  70    0.7818886     3.595493     247.995163
2021  71    0.7809467     3.609756     248.590716
2021  72    0.7796039     3.623669     249.188034
2021  73    0.7778590     3.637243     249.787741
2021  74    0.7757103     3.650484     250.390477
2021  75    0.7731558     3.663399     250.996897
2021  76    0.7701932     3.675993     251.607678
2021  77    0.7668196     3.688270     252.223523
2021  78    0.7630318     3.700230     252.845165
2021  79    0.7588260     3.711876     253.473371
2021  80    0.7541983     3.723205     254.108951
2021  81    0.7491439     3.734215     254.752761
2021  82    0.7436576     3.744900     255.405712
2021  83    0.7377340     3.755255     256.068776
2021  84    0.7313665     3.765269     256.742998
2021  85    0.7245485     3.774930     257.429504
2021  86    0.7172723     3.784226     258.129512
2021  87    0.7095297     3.793137     258.844351
2021  88    0.7013116     3.801643     259.575471
2021  89    0.6926083     3.809716     260.324465
2021  90    0.6834089     3.817325     261.093090
2021  91    0.6737016     3.824434     261.883296
2021  92    0.6634736     3.830998     262.697254
2021  93    0.6527108     3.836965     263.537396
2021  94    0.6413977     3.842272     264.406460
2021  95    0.6295173     3.846844     265.307547
2021  96    0.6170510     3.850590     266.244190
2021  97    0.6039783     3.853403     267.220436
2021  98    0.5902765     3.855152     268.240960
2021  99    0.5759204     3.855675     269.311192
2021 100    0.5608821     3.854778     270.437501
2021 101    0.5451305     3.852216     271.627397
2021 102    0.5286306     3.847688     272.889855
2021 103    0.5113433     3.840810     274.235684
2021 104    0.4932240     3.831092     275.678062
2021 105    0.4742225     3.817903     277.233257
2021 106    0.4542809     3.800409     278.921652
2021 107    0.4333329     3.777495     280.769199
2021 108    0.4113015     3.747638     282.809577
2021 109    0.3880967     3.708708     285.087451
2021 110    0.3636126     3.657635     287.663599
2021 111    0.3377237     3.589857     290.623283
2021 112    0.3102805     3.498303     294.090595
2021 113    0.2811053     3.371477     298.254517
2021 114    0.2499914     3.189508     303.419684
2021 115    0.2167153     2.915319     310.114343
2021 116    0.1811050     2.472717     319.346377
2021 117    0.1433362     1.686186     333.294645
2021 118    0.1053142     0.122709     357.372939
2021 119    0.0770738    -2.711403      43.836884
2021 120    0.0827129    -3.688235     106.165446
2021 121    0.1157673    -2.170557     144.974027
2021 122    0.1541615    -0.927347     165.297153
2021 123    0.1913899    -0.110682     177.551373
2021 124    0.2263341     0.450815     185.898335
2021 125    0.2589782     0.860444     192.069913
2021 126    0.2895228     1.174059     196.896928
2021 127    0.3181896     1.423324     200.827393
2021 128    0.3451776     1.627320     204.125344
2021 129    0.3706562     1.798189     206.957361
2021 130    0.3947676     1.944025     209.434301
2021 131    0.4176314     2.070434     211.633159
2021 132    0.4393487     2.181430     213.609314
2021 133    0.4600055     2.279964     215.403771
2021 134    0.4796756     2.368260     217.047646
2021 135    0.4984227     2.448027     218.565050
2021 136    0.5163025     2.520615     219.975009
2021 137    0.5333637     2.587111     221.292778
2021 138    0.5496489     2.648330     222.530749
2021 139    0.5651961     2.704970     223.699127
2021 140    0.5800391     2.757608     224.806407
2021 141    0.5942082     2.806722     225.859727
2021 142    0.6077303     2.852715     226.865147
2021 143    0.6206300     2.895930     227.827848
2021 144    0.6329292     2.936656     228.752297
2021 145    0.6446480     2.975152     229.642374
2021 146    0.6558045     3.011619     230.501468
2021 147    0.6664152     3.046252     231.332562
2021 148    0.6764953     3.079216     232.138291
2021 149    0.6860583     3.110654     232.921002
2021 150    0.6951169     3.140694     233.682793
2021 151    0.7036826     3.169448     234.425549
2021 152    0.7117659     3.197016     235.150973
2021 153    0.7193764     3.223489     235.860612
2021 154    0.7265228     3.248945     236.555874
2021 155    0.7332134     3.273457     237.238051
2021 156    0.7394553     3.297090     237.908331
2021 157    0.7452554     3.319901     238.567813
2021 158    0.7506196     3.341944     239.217517
2021 159    0.7555536     3.363267     239.858395
2021 160    0.7600622     3.383912     240.491340
2021 161    0.7641501     3.403921     241.117191
2021 162    0.7678212     3.423328     241.736744
2021 163    0.7710790     3.442167     242.350755
2021 164    0.7739267     3.460468     242.959946
2021 165    0.7763670     3.478257     243.565011
2021 166    0.7784021     3.495561     244.166621
2021 167    0.7800339     3.512402     244.765424
2021 168    0.7812640     3.528801     245.362056
2021 169    0.7820935     3.544776     245.957137
2021 170    0.7825232     3.560345     246.551281
2021 171    0.7825533     3.575523     247.145095
2021 172    0.7821841     3.590325     247.739186
2021 173    0.7814150     3.604762     248.334162
2021 174    0.7802455     3.618846     248.930634
2021 175    0.7786745     3.632587     249.529224
2021 176    0.7767004     3.645992     250.130564
2021 177    0.7743215     3.659068     250.735301
2021 178    0.7715355     3.671822     251.344104
2021 179    0.7683398     3.684256     251.957663
2021 180    0.7647314     3.696375     252.576697
2021 181    0.7607068     3.708177     253.201959
2021 182    0.7562620     3.719665     253.834238
2021 183    0.7513926     3.730834     254.474371
2021 184    0.7460937     3.741682     255.123243
2021 185    0.7403599     3.752202     255.781799
2021 186    0.7341851     3.762387     256.451051
2021 187    0.7275628     3.772225     257.132088
2021 188    0.7204857     3.781703     257.826089
2021 189    0.7129458     3.790806     258.534330
2021 190    0.7049346     3.799512     259.258208
2021 191    0.6964424     3.807799     259.999251
2021 192    0.6874590     3.815636     260.759143
2021 193    0.6779729     3.822990     261.539746
2021 194    0.6679718     3.829820     262.343132
2021 195    0.6574422     3.836077     263.171613
2021 196    0.6463692     3.841703     264.027790
2021 197    0.6347364     3.846629     264.914599
2021 198    0.6225261     3.850770     265.835376
2021 199    0.6097185     3.854029     266.793933
2021 200    0.5962919     3.856283     267.794659
2021 201    0.5822222     3.857387     268.842638
2021 202    0.5674829     3.857160     269.943806
2021 203    0.5520441     3.855382     271.105155
2021 204    0.5358727     3.851780     272.334977
2021 205    0.5189313     3.846004     273.643233
2021 206    0.5011780     3.837617     275.041998
2021 207    0.4825651     3.826054     276.546098
2021 208    0.4630381     3.810577     278.173984
2021 209    0.4425347     3.790207     279.948980
2021 210    0.4209827     3.763615     281.901096
2021 211    0.3982979     3.728966     284.069741
2021 212    0.3743820     3.683648     286.507920
2021 213    0.3491182     3.623837     289.288967
2021 214    0.3223682     3.543713     292.517830
2021 215    0.2939668     3.434025     296.351043
2021 216    0.2637196     3.279220     301.034385
2021 217    0.2314068     3.051290     306.979815
2021 218    0.1968183     2.695176     314.939005
2021 219    0.1599103     2.090280     326.445552
2021 220    0.1215051     0.942472     345.096351
2021 221    0.0866906    -1.373684      20.050419
2021 222    0.0752422    -3.812864      80.483490
2021 223    0.0999509    -2.862045     131.363025
2021 224    0.1375135    -1.404420     157.896174
2021 225    0.1755259    -0.426170     172.884254
2021 226    0.2114905     0.229481     182.623085
2021 227    0.2451112     0.696187     189.599909
2021 228    0.2765374     1.046638     194.938371
2021 229    0.3059914     1.321029     199.216666
2021 230    0.3336840     1.542958     202.763662
2021 231    0.3597975     1.727108     205.781238
2021 232    0.3844852     1.883082     208.400869
2021 233    0.4078760     2.017427     210.712293
2021 234    0.4300786     2.134766     212.779139
2021 235    0.4511850     2.238464     214.647960
2021 236    0.4712741     2.331027     216.353724
2021 237    0.4904138     2.414368     217.923295
2021 238    0.5086630     2.489972     219.377710
2021 239    0.5260731     2.559011     220.733723
2021 240    0.5426894     2.622423     222.004873
2021 241    0.5585518     2.680971     223.202247
2021 242    0.5736958     2.735279     224.335030
2021 243    0.5881532     2.785868     225.410909
2021 244    0.6019522     2.833169     226.436383
2021 245    0.6151186     2.877550     227.416991
2021 246    0.6276752     2.919322     228.357492
2021 247    0.6396429     2.958754     229.262006
2021 248    0.6510407     2.996073     230.134125
2021 249    0.6618858     3.031480     230.976998
2021 250    0.6721938     3.065149     231.793403
2021 251    0.6819790     3.097232     232.585808
2021 252    0.6912545     3.127863     233.356412
2021 253    0.7000322     3.157162     234.107190
2021 254    0.7083231     3.185233     234.839919
2021 255    0.7161371     3.212171     235.556211
2021 256    0.7234833     3.238059     236.257532
2021 257    0.7303703     3.262972     236.945222
2021 258    0.7368055     3.286979     237.620513
2021 259    0.7427960     3.310140     238.284540
2021 260    0.7483481     3.332511     238.938357
2021 261    0.7534676     3.354141     239.582943
2021 262    0.7581597     3.375075     240.219217
2021 263    0.7624291     3.395356     240.848039
2021 264    0.7662800     3.415020     241.470223
2021 265    0.7697162     3.434102     242.086543
2021 266    0.7727409     3.452634     242.697734
2021 267    0.7753571     3.470642     243.304502
2021 268    0.7775672     3.488154     243.907526
2021 269    0.7793733     3.505194     244.507466
2021 270    0.7807770     3.521783     245.104960
2021 271    0.7817796     3.537940     245.700635
2021 272    0.7823820     3.553684     246.295109
2021 273    0.7825849     3.569030     246.888990
2021 274    0.7823884     3.583995     247.482883
2021 275    0.7817923     3.598589     248.077397
2021 276    0.7807961     3.612826     248.673141
2021 277    0.7793987     3.626715     249.270731
2021 278    0.7775991     3.640266     249.870794
2021 279    0.7753954     3.653485     250.473971
2021 280    0.7727856     3.666378     251.080919
2021 281    0.7697673     3.678952     251.692319
2021 282    0.7663376     3.691207     252.308876
2021 283    0.7624932     3.703148     252.931326
2021 284    0.7582303     3.714772     253.560441
2021 285    0.7535446     3.726081     254.197032
2021 286    0.7484316     3.737069     254.841958
2021 287    0.7428858     3.747732     255.496127
2021 288    0.7369013     3.758063     256.160492
2021 289    0.7304707     3.768049     256.835958
2021 290    0.7244138     3.777285     257.485984
2021 291    0.7184406     3.785998     258.127028
2021 292    0.7119860     3.794379     258.779419
2021 293    0.7050415     3.802416     259.444266
2021 294    0.6975982     3.810093     260.122861
2021 295    0.6896464     3.817390     260.816628
2021 296    0.6811754     3.824285     261.527139
2021 297    0.6721736     3.830750     262.256135
2021 298    0.6626281     3.836751     263.005549
2021 299    0.6525248     3.842249     263.777539
2021 300    0.6418480     3.847195     264.574531
2021 301    0.6305806     3.851531     265.399263
2021 302    0.6187038     3.855190     266.254850
2021 303    0.6061964     3.858085     267.144854
2021 304    0.5930353     3.860117     268.073377
2021 305    0.5791947     3.861162     269.045181
2021 306    0.5646457     3.861066     270.065839
2021 307    0.5493559     3.859643     271.141912
2021 308    0.5332892     3.856656     272.281230
2021 309    0.5164044     3.851810     273.493211
2021 310    0.4986549     3.844727     274.789320
2021 311    0.4799873     3.834916     276.183698
2021 312    0.4603401     3.821735     277.694037
2021 313    0.4396420     3.804322     279.342845
2021 314    0.4178095     3.781503     281.159307
2021 315    0.3947438     3.751630     283.182112
2021 316    0.3703265     3.712337     285.463896
2021 317    0.3444143     3.660093     288.078542
2021 318    0.3168314     3.589417     291.133755
2021 319    0.2873587     3.491345     294.794111
2021 320    0.2557211     3.350229     299.326618
2021 321    0.2215735     3.136340     305.199991
2021 322    0.1845063     2.786384     313.330490
2021 323    0.1441786     2.142979     325.805642
2021 324    0.1013148     0.733297     348.544455
2021 325    0.0654934    -2.559254      40.946704
2021 326    0.0741383    -3.312421     120.437030
2021 327    0.1147609    -1.273240     160.249399
2021 328    0.1571110    -0.056937     178.632176
2021 329    0.1964075     0.664407     189.369267
2021 330    0.2325184     1.140542     196.631645
2021 331    0.2658416     1.481183     202.001928
2021 332    0.2967703     1.739242     206.212371
2021 333    0.3256268     1.943081     209.651570
2021 334    0.3526673     2.109254     212.546864
2021 335    0.3780960     2.248088     215.041218
2021 336    0.4020776     2.366379     217.229666
2021 337    0.4247469     2.468790     219.178222
2021 338    0.4462157     2.558638     220.934400
2021 339    0.4665775     2.638348     222.533423
2021 340    0.4859119     2.709744     224.002056
2021 341    0.5042869     2.774221     225.361066
2021 342    0.5217613     2.832868     226.626869
2021 343    0.5383861     2.886551     227.812645
2021 344    0.5542062     2.935964     228.929126
2021 345    0.5692610     2.981675     229.985161
2021 346    0.5835857     3.024149     230.988128
2021 347    0.5972113     3.063775     231.944239
2021 348    0.6101657     3.100879     232.858777
2021 349    0.6224738     3.135736     233.736267
2021 350    0.6341583     3.168581     234.580621
2021 351    0.6452393     3.199617     235.395242
2021 352    0.6557352     3.229018     236.183109
2021 353    0.6656627     3.256936     236.946852
2021 354    0.6750369     3.283503     237.688800
2021 355    0.6838715     3.308835     238.411035
2021 356    0.6921790     3.333035     239.115421
2021 357    0.6999707     3.356193     239.803643
2021 358    0.7072569     3.378389     240.477226
2021 359    0.7140471     3.399696     241.137563
2021 360    0.7203496     3.420177     241.785927
2021 361    0.7261723     3.439891     242.423494
2021 362    0.7315220     3.458888     243.051350
2021 363    0.7364051     3.477215     243.670508
2021 364    0.7408271     3.494915     244.281913
2021 365    0.7447930     3.512026     244.886457
2022   1    0.7483072     3.528581     245.484979
2022   2    0.7513737     3.544612     246.078281
2022   3    0.7539956     3.560147     246.667128
2022   4    0.7561758     3.575212     247.252255
2022   5    0.7579167     3.589831     247.834375
2022   6    0.7592201     3.604023     248.414178
2022   7    0.7600873     3.617809     248.992344
2022   8    0.7605193     3.631204     249.569540
2022   9    0.7605164     3.644224     250.146427
2022  10    0.7600788     3.656884     250.723664
2022  11    0.7592059     3.669194     251.301914
2022  12    0.7578968     3.681165     251.881844
2022  13    0.7561502     3.692806     252.464133
2022  14    0.7539642     3.704125     253.049474
2022  15    0.7513365     3.715127     253.638579
2022  16    0.7482642     3.725817     254.232186
2022  17    0.7447441     3.736197     254.831061
2022  18    0.7407723     3.746269     255.436006
2022  19    0.7363443     3.756032     256.047864
2022  20    0.7314552     3.765484     256.667529
2022  21    0.7260994     3.774621     257.295949
2022  22    0.7202705     3.783436     257.934138
2022  23    0.7139617     3.791922     258.583189
2022  24    0.7071651     3.800066     259.244279
2022  25    0.6998724     3.807854     259.918688
2022  26    0.6920740     3.815268     260.607812
2022  27    0.6837598     3.822288     261.313184
2022  28    0.6749182     3.828885     262.036494
2022  29    0.6655369     3.835030     262.779616
2022  30    0.6556021     3.840685     263.544640
2022  31    0.6450987     3.845802     264.333905
2022  32    0.6340100     3.850329     265.150054
2022  33    0.6223176     3.854199     265.996081
2022  34    0.6100012     3.857334     266.875406
2022  35    0.5970383     3.859638     267.791959
2022  36    0.5834038     3.860993     268.750291
2022  37    0.5690699     3.861257     269.755711
2022  38    0.5540053     3.860254     270.814472
2022  39    0.5381750     3.857765     271.933983
2022  40    0.5215395     3.853512     273.123150
2022  41    0.5040538     3.847145     274.392769
2022  42    0.4856668     3.838210     275.756101
2022  43    0.4663195     3.826118     277.229667
2022  44    0.4459439     3.810078     278.834372
2022  45    0.4244602     3.789024     280.597163
2022  46    0.4017746     3.761472     282.553510
2022  47    0.3777751     3.725303     284.751278
2022  48    0.3523267     3.677399     287.256987
2022  49    0.3252641     3.612976     290.166436
2022  50    0.2963824     3.524344     293.623799
2022  51    0.2654248     3.398359     297.858452
2022  52    0.2320682     3.210737     303.262705
2022  53    0.1959182     2.911690     310.576337
2022  54    0.1565787     2.383625     321.399569
2022  55    0.1141989     1.292222     339.953013
2022  56    0.0737072    -1.365570      20.159883
2022  57    0.0657688    -3.798894      99.807371
2022  58    0.1018705    -1.799023     151.743987
2022  59    0.1447231    -0.351333     174.264842
2022  60    0.1850082     0.481922     186.636382
2022  61    0.2220349     1.015795     194.707784
2022  62    0.2561473     1.389725     200.543057
2022  63    0.2877547     1.668734     205.048922
2022  64    0.3172011     1.886660     208.689561
2022  65    0.3447609     2.062799     211.729568
2022  66    0.3706525     2.208971     214.332113
2022  67    0.3950513     2.332839     216.604028
2022  68    0.4181002     2.439601     218.618626
2022  69    0.4399173     2.532917     220.428155
2022  70    0.4606011     2.615445     222.071027
2022  71    0.4802349     2.689165     223.576227
2022  72    0.4988902     2.755584     224.966119
2022  73    0.5166284     2.815875     226.258287
2022  74    0.5335026     2.870963     227.466773
2022  75    0.5495592     2.921588     228.602973
2022  76    0.5648393     2.968352     229.676251
2022  77    0.5793792     3.011749     230.694389
2022  78    0.5932111     3.052189     231.663919
2022  79    0.6063637     3.090015     232.590383
2022  80    0.6188629     3.125517     233.478515
2022  81    0.6307319     3.158941     234.332399
2022  82    0.6419917     3.190498     235.155580
2022  83    0.6526611     3.220371     235.951155
2022  84    0.6627572     3.248718     236.721852
2022  85    0.6722957     3.275675     237.470087
2022  86    0.6812907     3.301365     238.198010
2022  87    0.6897549     3.325892     238.907547
2022  88    0.6977000     3.349354     239.600432
2022  89    0.7051368     3.371830     240.278238
2022  90    0.7120747     3.393395     240.942394
2022  91    0.7185226     3.414117     241.594207
2022  92    0.7244884     3.434054     242.234881
2022  93    0.7299792     3.453261     242.865528
2022  94    0.7350016     3.471784     243.487180
2022  95    0.7395614     3.489667     244.100804
2022  96    0.7436636     3.506949     244.707304
2022  97    0.7473129     3.523667     245.307536
2022  98    0.7505133     3.539851     245.902312
2022  99    0.7532683     3.555532     246.492407
2022 100    0.7555808     3.570735     247.078565
2022 101    0.7574533     3.585484     247.661504
2022 102    0.7588879     3.599801     248.241922
2022 103    0.7598859     3.613706     248.820501
2022 104    0.7604484     3.627216     249.397910
2022 105    0.7605761     3.640346     249.974812
2022 106    0.7602690     3.653112     250.551867
2022 107    0.7595269     3.665525     251.129736
2022 108    0.7583490     3.677596     251.709083
2022 109    0.7567340     3.689334     252.290585
2022 110    0.7546802     3.700748     252.874928
2022 111    0.7521854     3.711844     253.462820
2022 112    0.7492470     3.722626     254.054989
2022 113    0.7458619     3.733098     254.652193
2022 114    0.7420262     3.743262     255.255221
2022 115    0.7377359     3.753117     255.864905
2022 116    0.7329859     3.762662     256.482121
2022 117    0.7277710     3.771893     257.107801
2022 118    0.7220850     3.780806     257.742938
2022 119    0.7159213     3.789390     258.388600
2022 120    0.7092722     3.797637     259.045936
2022 121    0.7021297     3.805533     259.716195
2022 122    0.6944844     3.813061     260.400735
2022 123    0.6863265     3.820201     261.101047
2022 124    0.6776448     3.826928     261.818771
2022 125    0.6684273     3.833212     262.555721
2022 126    0.6586606     3.839017     263.313919
2022 127    0.6483300     3.844301     264.095625
2022 128    0.6374192     3.849011     264.903385
2022 129    0.6259106     3.853085     265.740080
2022 130    0.6137843     3.856450     266.608993
2022 131    0.6010185     3.859013     267.513891
2022 132    0.5875890     3.860667     268.459125
2022 133    0.5734689     3.861275     269.449757
2022 134    0.5586278     3.860673     270.491738
2022 135    0.5430321     3.858656     271.592093
2022 136    0.5266436     3.854965     272.759244
2022 137    0.5094191     3.849275     274.003365
2022 138    0.4913095     3.841167     275.336903
2022 139    0.4722583     3.830096     276.775295
2022 140    0.4522003     3.815341     278.337978
2022 141    0.4310597     3.795929     280.049864
2022 142    0.4087472     3.770520     281.943524
2022 143    0.3851569     3.737217     284.062564
2022 144    0.3601611     3.693255     286.467015
2022 145    0.3336046     3.634448     289.242343
2022 146    0.3052958     3.554170     292.515339
2022 147    0.2749950     3.441318     296.484081
2022 148    0.2424002     3.275904     301.479314
2022 149    0.2071376     3.018341     308.104593
2022 150    0.1687919     2.579471     317.605834
2022 151    0.1272086     1.720356     333.055023
2022 152    0.0847504    -0.308289       4.050922
2022 153    0.0618550    -3.734003      74.705722
2022 154    0.0892084    -2.421269     140.686762
2022 155    0.1319603    -0.702168     169.016354
2022 156    0.1732094     0.271779     183.508377
2022 157    0.2111946     0.875841     192.569486
2022 158    0.2461407     1.288993     198.952171
2022 159    0.2784638     1.592107     203.796824
2022 160    0.3085300     1.825954     207.664168
2022 161    0.3366336     2.013201     210.864761
2022 162    0.3630082     2.167461     213.586066
2022 163    0.3878409     2.297422     215.948816
2022 164    0.4112836     2.408903     218.034785
2022 165    0.4334612     2.505959     219.901639
2022 166    0.4544775     2.591508     221.591401
2022 167    0.4744202     2.667709     223.135549
2022 168    0.4933639     2.736195     224.558211
2022 169    0.5113726     2.798229     225.878256
2022 170    0.5285020     2.854802     227.110694
2022 171    0.5448005     2.906704     228.267647
2022 172    0.5603106     2.954578     229.359038
2022 173    0.5750700     2.998946     230.393086
2022 174    0.5891120     3.040241     231.376671
2022 175    0.6024665     3.078825     232.315609
2022 176    0.6151601     3.115002     233.214863
2022 177    0.6272168     3.149030     234.078697
2022 178    0.6386581     3.181132     234.910809
2022 179    0.6495035     3.211496     235.714423
2022 180    0.6597707     3.240289     236.492371
2022 181    0.6694757     3.267654     237.247158
2022 182    0.6786331     3.293715     237.981008
2022 183    0.6872559     3.318584     238.695913
2022 184    0.6953563     3.342358     239.393663
2022 185    0.7029452     3.365123     240.075873
2022 186    0.7100325     3.386957     240.744016
2022 187    0.7166272     3.407927     241.399433
2022 188    0.7227375     3.428096     242.043358
2022 189    0.7283707     3.447518     242.676929
2022 190    0.7335337     3.466242     243.301201
2022 191    0.7382322     3.484315     243.917159
2022 192    0.7424718     3.501775     244.525727
2022 193    0.7462571     3.518660     245.127772
2022 194    0.7495924     3.535003     245.724121
2022 195    0.7524813     3.550833     246.315559
2022 196    0.7549268     3.566178     246.902837
2022 197    0.7569317     3.581062     247.486682
2022 198    0.7584980     3.595508     248.067798
2022 199    0.7596274     3.609536     248.646869
2022 200    0.7603211     3.623164     249.224570
2022 201    0.7605798     3.636408     249.801564
2022 202    0.7604037     3.649283     250.378512
2022 203    0.7597927     3.661802     250.956075
2022 204    0.7587462     3.673976     251.534914
2022 205    0.7572630     3.685815     252.115703
2022 206    0.7553416     3.697327     252.699124
2022 207    0.7529799     3.708519     253.285879
2022 208    0.7501755     3.719396     253.876688
2022 209    0.7469253     3.729962     254.472300
2022 210    0.7432258     3.740219     255.073495
2022 211    0.7390729     3.750168     255.681090
2022 212    0.7344619     3.759808     256.295948
2022 213    0.7293877     3.769135     256.918982
2022 214    0.7238443     3.778145     257.551167
2022 215    0.7178252     3.786831     258.193547
2022 216    0.7113232     3.795182     258.847245
2022 217    0.7043302     3.803186     259.513479
2022 218    0.6968374     3.810828     260.193571
2022 219    0.6888350     3.818088     260.888972
2022 220    0.6803123     3.824944     261.601273
2022 221    0.6712575     3.831366     262.332234
2022 222    0.6616577     3.837320     263.083810
2022 223    0.6514985     3.842767     263.858186
2022 224    0.6407643     3.847657     264.657816
2022 225    0.6294378     3.851932     265.485475
2022 226    0.6174997     3.855520     266.344317
2022 227    0.6049289     3.858337     267.237953
2022 228    0.5917020     3.860279     268.170546
2022 229    0.5777929     3.861220     269.146930
2022 230    0.5631723     3.861004     270.172767
2022 231    0.5478077     3.859439     271.254731
2022 232    0.5316622     3.856286     272.400791
2022 233    0.5146943     3.851239     273.620546
2022 234    0.4968568     3.843913     274.925693
2022 235    0.4780955     3.833803     276.330678
2022 236    0.4583481     3.820249     277.853606
2022 237    0.4375422     3.802364     279.517549
2022 238    0.4155929     3.778933     281.352483
2022 239    0.3923996     3.748254     283.398239
2022 240    0.3678419     3.707867     285.709164
2022 241    0.3417736     3.654094     288.361798
2022 242    0.3140151     3.581194     291.468189
2022 243    0.2843426     3.479726     295.200449
2022 244    0.2524744     3.333093     299.839721
2022 245    0.2180583     3.109445     305.884045
2022 246    0.1806813     2.740073     314.319462
2022 247    0.1400336     2.051055     327.434203
2022 248    0.0971245     0.511680     351.877126
2022 249    0.0636983    -2.931231      48.825830
2022 250    0.0775574    -3.098761     126.150593
2022 251    0.1190187    -1.119761     162.646935
2022 252    0.1611283     0.030038     179.925700
2022 253    0.2000984     0.719452     190.203149
2022 254    0.2359157     1.178727     197.229744
2022 255    0.2689865     1.509459     202.461311
2022 256    0.2996979     1.761192     206.582199
2022 257    0.3283652     1.960731     209.959623
2022 258    0.3552386     2.123836     212.810154
2022 259    0.3805180     2.260399     215.270817
2022 260    0.4043648     2.376954     217.433136
2022 261    0.4269114     2.478005     219.360930
2022 262    0.4482673     2.566765     221.100279
2022 263    0.4685247     2.645590     222.685430
2022 264    0.4877618     2.716253     224.142466
2022 265    0.5060457     2.780117     225.491665
2022 266    0.5234343     2.838245     226.749080
2022 267    0.5399781     2.891483     227.927621
2022 268    0.5557212     2.940513     229.037813
2022 269    0.5707028     2.985889     230.088343
2022 270    0.5849574     3.028071     231.086462
2022 271    0.5985158     3.067438     232.038283
2022 272    0.6114056     3.104312     232.949005
2022 273    0.6236515     3.138964     233.823090
2022 274    0.6352758     3.171626     234.664393
2022 275    0.6462985     3.202497     235.476273
2022 276    0.6567379     3.231749     236.261673
2022 277    0.6666104     3.259531     237.023188
2022 278    0.6759310     3.285974     237.763125
2022 279    0.6847133     3.311193     238.483540
2022 280    0.6929696     3.335289     239.186280
2022 281    0.7007113     3.358351     239.873012
2022 282    0.7079484     3.380459     240.545247
2022 283    0.7146903     3.401684     241.204366
2022 284    0.7209454     3.422089     241.851633
2022 285    0.7267214     3.441732     242.488212
2022 286    0.7320251     3.460663     243.115184
2022 287    0.7368627     3.478929     243.733552
2022 288    0.7412397     3.496571     244.344258
2022 289    0.7451611     3.513627     244.948187
2022 290    0.7486313     3.530131     245.546175
2022 291    0.7516540     3.546114     246.139020
2022 292    0.7542325     3.561603     246.727483
2022 293    0.7563696     3.576625     247.312297
2022 294    0.7580675     3.591202     247.894173
2022 295    0.7593281     3.605355     248.473800
2022 296    0.7601526     3.619103     249.051855
2022 297    0.7605420     3.632462     249.629006
2022 298    0.7604965     3.645448     250.205913
2022 299    0.7600163     3.658074     250.783235
2022 300    0.7591007     3.670352     251.361635
2022 301    0.7577489     3.682292     251.941782
2022 302    0.7559593     3.693903     252.524356
2022 303    0.7537302     3.705191     253.110050
2022 304    0.7510591     3.716164     253.699580
2022 305    0.7479432     3.726824     254.293686
2022 306    0.7443790     3.737175     254.893137
2022 307    0.7403628     3.747218     255.498740
2022 308    0.7358899     3.756952     256.111341
2022 309    0.7309554     3.766375     256.731840
2022 310    0.7255536     3.775482     257.361191
2022 311    0.7196781     3.784267     258.000415
2022 312    0.7133219     3.792720     258.650613
2022 313    0.7064772     3.800831     259.312970
2022 314    0.6991355     3.808585     259.988779
2022 315    0.6912872     3.815963     260.679447
2022 316    0.6829219     3.822943     261.386521
2022 317    0.6740282     3.829499     262.111710
2022 318    0.6645935     3.835599     262.856905
2022 319    0.6546039     3.841204     263.624219
2022 320    0.6440440     3.846267     264.416021
2022 321    0.6328972     3.850734     265.234984
2022 322    0.6211449     3.854537     266.084140
2022 323    0.6087664     3.857595     266.966955
2022 324    0.5957391     3.859812     267.887415
2022 325    0.5820377     3.861069     268.850138
2022 326    0.5676339     3.861218     269.860517
2022 327    0.5524963     3.860081     270.924907
2022 328    0.5365894     3.857432     272.050847
2022 329    0.5198731     3.852990     273.247408
2022 330    0.5023019     3.846394     274.525599
2022 331    0.4838241     3.837180     275.898962
2022 332    0.4643798     3.824740     277.384385
2022 333    0.4439000     3.808263     279.003283
2022 334    0.4223037     3.786647     280.783308
2022 335    0.3994955     3.758358     282.760940
2022 336    0.3753614     3.721200     284.985537
2022 337    0.3497638     3.671927     287.525913
2022 338    0.3225340     3.605539     290.481554
2022 339    0.2934628     3.513957     294.002906
2022 340    0.2622875     3.383280     298.330815
2022 341    0.2286778     3.187593     303.880600
2022 342    0.1922341     2.873134     311.444330
2022 343    0.1525732     2.310849     322.763363
2022 344    0.1099938     1.126909     342.537379
2022 345    0.0706559    -1.749318      26.385502
2022 346    0.0680981    -3.681472     107.061383
2022 347    0.1060493    -1.618433     154.734205
2022 348    0.1487828    -0.250842     175.762525
2022 349    0.1887463     0.543393     187.559520
2022 350    0.2254703     1.057381     195.351725
2022 351    0.2593215     1.419969     201.028508
2022 352    0.2907045     1.691901     205.434560
2022 353    0.3199563     1.905100     209.007585
2022 354    0.3473450     2.077913     211.999265
2022 355    0.3730843     2.221647     214.565828
2022 356    0.3973460     2.343670     216.810079
2022 357    0.4202704     2.448997     218.802851
2022 358    0.4419733     2.541173     220.594792
2022 359    0.4625516     2.622778     222.223242
2022 360    0.4820875     2.695738     223.716440
2022 361    0.5006511     2.761524     225.096212
2022 362    0.5183029     2.821281     226.379750
2022 363    0.5350954     2.875913     227.580814
2022 364    0.5510747     2.926147     228.710582
2022 365    0.5662811     2.972571     229.778245
2023   1    0.5807507     3.015672     230.791449
2023   2    0.5945151     3.055851     231.756625
2023   3    0.6076031     3.093446     232.679224
2023   4    0.6200399     3.128742     233.563914
2023   5    0.6318488     3.161982     234.414722
2023   6    0.6430502     3.193374     235.235144
2023   7    0.6536631     3.223097     236.028241
2023   8    0.6637043     3.251308     236.796707
2023   9    0.6731893     3.278143     237.542929
2023  10    0.6821321     3.303720     238.269035
2023  11    0.6905453     3.328145     238.976931
2023  12    0.6984405     3.351510     239.668336
2023  13    0.7058283     3.373899     240.344804
2023  14    0.7127182     3.395384     241.007754
2023  15    0.7191188     3.416031     241.658483
2023  16    0.7250381     3.435898     242.298184
2023  17    0.7304831     3.455040     242.927960
2023  18    0.7354603     3.473502     243.548838
2023  19    0.7399753     3.491329     244.161777
2023  20    0.7440333     3.508558     244.767678
2023  21    0.7476388     3.525226     245.367391
2023  22    0.7507957     3.541364     245.961724
2023  23    0.7535075     3.557000     246.551450
2023  24    0.7557772     3.572162     247.137313
2023  25    0.7576071     3.586871     247.720021
2023  26    0.7589991     3.601151     248.300276
2023  27    0.7599547     3.615019     248.878756
2023  28    0.7604750     3.628495     249.456132
2023  29    0.7605604     3.641592     250.033064
2023  30    0.7602111     3.654326     250.610215
2023  31    0.7594266     3.666708     251.188243
2023  32    0.7582063     3.678749     251.767815
2023  33    0.7565487     3.690459     252.349608
2023  34    0.7544521     3.701845     252.934311
2023  35    0.7519144     3.712912     253.522633
2023  36    0.7489328     3.723667     254.115304
2023  37    0.7455040     3.734111     254.713086
2023  38    0.7416244     3.744248     255.316772
2023  39    0.7372896     3.754075     255.927197
2023  40    0.7324947     3.763593     256.545244
2023  41    0.7272343     3.772796     257.171848
2023  42    0.7215022     3.781679     257.808011
2023  43    0.7152917     3.790234     258.454807
2023  44    0.7085951     3.798450     259.113396
2023  45    0.7014041     3.806313     259.785036
2023  46    0.6937096     3.813806     260.471097
2023  47    0.6855013     3.820909     261.173084
2023  48    0.6767682     3.827596     261.892651
2023  49    0.6674980     3.833838     262.631635
2023  50    0.6576772     3.839596     263.392076
2023  51    0.6472910     3.844828     264.176262
2023  52    0.6363231     3.849481     264.986769
2023  53    0.6247554     3.853491     265.826513
2023  54    0.6125681     3.856784     266.698823
2023  55    0.5997390     3.859266     267.607515
2023  56    0.5862438     3.860825     268.557006
2023  57    0.5720551     3.861325     269.552435
2023  58    0.5571424     3.860596     270.599848
2023  59    0.5414716     3.858429     271.706394
2023  60    0.5250040     3.854560     272.880646
2023  61    0.5076960     3.848656     274.132975
2023  62    0.4894977     3.840286     275.476083
2023  63    0.4703520     3.828891     276.925747
2023  64    0.4501927     3.813730     278.501865
2023  65    0.4289427     3.793799     280.229982
2023  66    0.4065115     3.767714     282.143573
2023  67    0.3827910     3.733511     284.287562
2023  68    0.3576515     3.688314     286.723980
2023  69    0.3309345     3.627756     289.541464
2023  70    0.3024443     3.544887     292.872098
2023  71    0.2719359     3.427992     296.923410
2023  72    0.2391008     3.255807     302.044528
2023  73    0.2035583     2.985765     308.879066
2023  74    0.1648967     2.520569     318.774948
2023  75    0.1230391     1.594508     335.125806
2023  76    0.0810050    -0.623154       8.756418
2023  77    0.0625224    -3.837331      83.083135
2023  78    0.0932117    -2.212880     144.557827
2023  79    0.1360856    -0.583622     170.802600
2023  80    0.1770294     0.341748     184.552922
2023  81    0.2147018     0.921866     193.275226
2023  82    0.2493750     1.321802     199.473223
2023  83    0.2814640     1.616874     204.204738
2023  84    0.3113279     1.845451     207.996950
2023  85    0.3392542     2.029045     211.144639
2023  86    0.3654717     2.180660     213.827009
2023  87    0.3901634     2.308638     216.160099
2023  88    0.4134783     2.418590     218.222845
2023  89    0.4355390     2.514439     220.071103
2023  90    0.4564477     2.599017     221.745696
2023  91    0.4762905     2.674423     223.277276
2023  92    0.4951409     2.742247     224.689389
2023  93    0.5130622     2.803726     226.000476
2023  94    0.5301090     2.859828     227.225234
2023  95    0.5463294     2.911327     228.375547
2023  96    0.5617652     2.958852     229.461154
2023  97    0.5764538     3.002915     230.490131
2023  98    0.5904280     3.043942     231.469246
2023  99    0.6037175     3.082289     232.404225
2023 100    0.6163484     3.118255     233.299956
2023 101    0.6283447     3.152096     234.160646
2023 102    0.6397275     3.184029     234.989940
2023 103    0.6505163     3.214242     235.791025
2023 104    0.6607285     3.242898     236.566697
2023 105    0.6703799     3.270137     237.319432
2023 106    0.6794851     3.296085     238.051431
2023 107    0.6880569     3.320850     238.764664
2023 108    0.6961075     3.344528     239.460903
2023 109    0.7036475     3.367205     240.141751
2023 110    0.7106868     3.388958     240.808664
2023 111    0.7172344     3.409853     241.462975
2023 112    0.7232983     3.429952     242.105907
2023 113    0.7288859     3.449309     242.738589
2023 114    0.7340038     3.467974     243.362070
2023 115    0.7386578     3.485990     243.977328
2023 116    0.7428534     3.503397     244.585280
2023 117    0.7465952     3.520232     245.186792
2023 118    0.7498872     3.536528     245.782685
2023 119    0.7527332     3.552314     246.373739
2023 120    0.7551362     3.567618     246.960706
2023 121    0.7570987     3.582462     247.544308
2023 122    0.7586229     3.596871     248.125248
2023 123    0.7597103     3.610863     248.704208
2023 124    0.7603620     3.624456     249.281863
2023 125    0.7605788     3.637668     249.858875
2023 126    0.7603609     3.650511     250.435905
2023 127    0.7597080     3.662999     251.013613
2023 128    0.7586195     3.675143     251.592663
2023 129    0.7570942     3.686953     252.173727
2023 130    0.7551306     3.698436     252.757492
2023 131    0.7527264     3.709600     253.344659
2023 132    0.7498793     3.720450     253.935952
2023 133    0.7465860     3.730989     254.532122
2023 134    0.7428431     3.741219     255.133953
2023 135    0.7386464     3.751141     255.742267
2023 136    0.7339911     3.760753     256.357929
2023 137    0.7288721     3.770052     256.981861
2023 138    0.7232833     3.779033     257.615042
2023 139    0.7172181     3.787689     258.258522
2023 140    0.7106693     3.796009     258.913436
2023 141    0.7036287     3.803981     259.581009
2023 142    0.6960874     3.811589     260.262578
2023 143    0.6880355     3.818813     260.959602
2023 144    0.6794623     3.825629     261.673690
2023 145    0.6703558     3.832009     262.406619
2023 146    0.6607030     3.837918     263.160366
2023 147    0.6504893     3.843315     263.937138
2023 148    0.6396991     3.848149     264.739420
2023 149    0.6283148     3.852361     265.570018
2023 150    0.6163170     3.855880     266.432130
2023 151    0.6036844     3.858618     267.329414
2023 152    0.5903933     3.860469     268.266092
2023 153    0.5764173     3.861305     269.247070
2023 154    0.5617270     3.860968     270.278102
2023 155    0.5462893     3.859260     271.365970
2023 156    0.5300670     3.855937     272.518786
2023 157    0.5130180     3.850688     273.746328
2023 158    0.4950946     3.843115     275.060526
2023 159    0.4762418     3.832703     276.476138
2023 160    0.4563964     3.818770     278.011685
2023 161    0.4354850     3.800404     279.690803
2023 162    0.4134213     3.776352     281.544267
2023 163    0.3901031     3.744852     283.613067
2023 164    0.3654078     3.703350     285.953285
2023 165    0.3391865     3.648014     288.644173
2023 166    0.3112558     3.572835     291.802228
2023 167    0.2813870     3.467878     295.607339
2023 168    0.2492923     3.315544     300.355348
2023 169    0.2146126     3.081736     306.575127
2023 170    0.1769330     2.691918     315.327198
2023 171    0.1359822     1.954053     329.118540
2023 172    0.0931117     0.274779     355.407336
2023 173    0.0625020    -3.253258      56.849060
2023 174    0.0810984    -2.883938     131.204966
2023 175    0.1231432    -0.979838     164.803308
2023 176    0.1649932     0.109945     181.110922
2023 177    0.2036463     0.770488     190.974732
2023 178    0.2391814     1.214367     197.785976
2023 179    0.2720103     1.535979     202.889639
2023 180    0.3025133     1.781856     206.927428
2023 181    0.3309988     1.977399     210.247282
2023 182    0.3577116     2.137646     213.055968
2023 183    0.3828475     2.272086     215.485069
2023 184    0.4065646     2.387017     217.622874
2023 185    0.4289929     2.486795     219.531168
2023 186    0.4502401     2.574534     221.254699
2023 187    0.4703968     2.652529     222.826808
2023 188    0.4895402     2.722505     224.272939
2023 189    0.5077363     2.785793     225.612912
2023 190    0.5250422     2.843434     226.862443
2023 191    0.5415077     2.896254     228.034184
2023 192    0.5571767     2.944923     229.138468
2023 193    0.5720875     2.989986     230.183829
2023 194    0.5862745     3.031892     231.177400
2023 195    0.5997681     3.071016     232.125199
2023 196    0.6125956     3.107675     233.032348
2023 197    0.6247814     3.142135     233.903246
2023 198    0.6363476     3.174624     234.741698
2023 199    0.6473141     3.205340     235.551019
2023 200    0.6576989     3.234451     236.334117
2023 201    0.6675183     3.262105     237.093560
2023 202    0.6767872     3.288432     237.831626
2023 203    0.6855191     3.313544     238.550351
2023 204    0.6937261     3.337542     239.251564
2023 205    0.7014194     3.360514     239.936917
2023 206    0.7086092     3.382540     240.607907
2023 207    0.7153046     3.403688     241.265904
2023 208    0.7215139     3.424022     241.912161
2023 209    0.7272448     3.443598     242.547834
2023 210    0.7325041     3.462468     243.173996
2023 211    0.7372978     3.480676     243.791645
2023 212    0.7416315     3.498264     244.401716
2023 213    0.7455101     3.515269     245.005088
2023 214    0.7489377     3.531725     245.602596
2023 215    0.7519183     3.547663     246.195032
2023 216    0.7544549     3.563110     246.783154
2023 217    0.7565504     3.578092     247.367693
2023 218    0.7582070     3.592631     247.949357
2023 219    0.7594263     3.606747     248.528835
2023 220    0.7602097     3.620460     249.106803
2023 221    0.7605580     3.633786     249.683926
2023 222    0.7604715     3.646740     250.260865
2023 223    0.7599502     3.659336     250.838279
2023 224    0.7589935     3.671584     251.416831
2023 225    0.7576004     3.683495     251.997188
2023 226    0.7557694     3.695078     252.580033
2023 227    0.7534987     3.706339     253.166059
2023 228    0.7507856     3.717285     253.755982
2023 229    0.7476274     3.727919     254.350542
2023 230    0.7440206     3.738243     254.950506
2023 231    0.7399611     3.748260     255.556673
2023 232    0.7354443     3.757967     256.169870
2023 233    0.7304644     3.767360     256.790875
2023 234    0.7257248     3.775996     257.396034
2023 235    0.7212244     3.783972     257.990188
2023 236    0.7162341     3.791642     258.592406
2023 237    0.7107471     3.798999     259.203566
2023 238    0.7047562     3.806034     259.824715
2023 239    0.6982534     3.812738     260.457002
2023 240    0.6912300     3.819096     261.101681
2023 241    0.6836761     3.825093     261.760120
2023 242    0.6755810     3.830707     262.433823
2023 243    0.6669327     3.835914     263.124450
2023 244    0.6577182     3.840684     263.833842
2023 245    0.6479227     3.844982     264.564053
2023 246    0.6375302     3.848762     265.317392
2023 247    0.6265229     3.851975     266.096466
2023 248    0.6148810     3.854556     266.904237
2023 249    0.6025826     3.856429     267.744099
2023 250    0.5896033     3.857503     268.619962
2023 251    0.5759159     3.857665     269.536372
2023 252    0.5614898     3.856776     270.498658
2023 253    0.5462906     3.854664     271.513104
2023 254    0.5302797     3.851115     272.587228
2023 255    0.5134130     3.845857     273.730100
2023 256    0.4956401     3.838544     274.952795
2023 257    0.4769032     3.828722     276.269025
2023 258    0.4571351     3.815798     277.696030
2023 259    0.4362573     3.798972     279.255858
2023 260    0.4141770     3.777143     280.977289
2023 261    0.3907833     3.748762     282.898776
2023 262    0.3659416     3.711575     285.073154
2023 263    0.3394861     3.662182     287.575502
2023 264    0.3112092     3.595214     290.517005
2023 265    0.2808449     3.501696     294.071125
2023 266    0.2480457     3.365472     298.527406
2023 267    0.2123491     3.154434     304.415305
2023 268    0.1731472     2.795301     312.836863
2023 269    0.1297808     2.083235     326.583710
2023 270    0.0830307     0.263767     355.314492
2023 271    0.0532183    -3.746170      75.397484
2023 272    0.0857033    -1.779863     151.788525
2023 273    0.1324017    -0.012655     179.041433
2023 274    0.1755167     0.874480     192.311874
2023 275    0.2144974     1.402475     200.518193
2023 276    0.2500117     1.756957     206.287215
2023 277    0.2826592     2.014425     210.669178
2023 278    0.3128945     2.211835     214.172837
2023 279    0.3410597     2.369253     217.078010
2023 280    0.3674168     2.498553     219.553038
2023 281    0.3921708     2.607235     221.706178
2023 282    0.4154853     2.700297     223.610709
2023 283    0.4374933     2.781194     225.318315
2023 284    0.4583047     2.852408     226.866672
2023 285    0.4780112     2.915767     228.284019
2023 286    0.4966907     2.972653     229.592020
2023 287    0.5144097     3.024125     230.807628
2023 288    0.5312256     3.071006     231.944337
2023 289    0.5471883     3.113980     233.013068
2023 290    0.5623416     3.153583     234.022761
2023 291    0.5767239     3.190255     234.980831
2023 292    0.5903695     3.224359     235.893493
2023 293    0.6033085     3.256198     236.766006
2023 294    0.6155681     3.286026     237.602863
2023 295    0.6271725     3.314059     238.407931
2023 296    0.6381435     3.340482     239.184569
2023 297    0.6485007     3.365453     239.935708
2023 298    0.6582619     3.389111     240.663932
2023 299    0.6674430     3.411575     241.371527
2023 300    0.6760586     3.432948     242.060529
2023 301    0.6841217     3.453323     242.732767
2023 302    0.6916442     3.472781     243.389886
2023 303    0.6986369     3.491393     244.033382
2023 304    0.7051093     3.509222     244.664615
2023 305    0.7110703     3.526327     245.284836
2023 306    0.7165277     3.542756     245.895197
2023 307    0.7214885     3.558556     246.496767
2023 308    0.7259590     3.573767     247.090542
2023 309    0.7299448     3.588425     247.677460
2023 310    0.7334506     3.602564     248.258401
2023 311    0.7364808     3.616213     248.834205
2023 312    0.7390390     3.629399     249.405673
2023 313    0.7411281     3.642146     249.973574
2023 314    0.7427505     3.654474     250.538653
2023 315    0.7439083     3.666404     251.101636
2023 316    0.7446026     3.677952     251.663234
2023 317    0.7448343     3.689135     252.224148
2023 318    0.7446037     3.699965     252.785075
2023 319    0.7439105     3.710454     253.346712
2023 320    0.7427539     3.720612     253.909761
2023 321    0.7411325     3.730448     254.474933
2023 322    0.7390446     3.739968     255.042953
2023 323    0.7364876     3.749179     255.614568
2023 324    0.7334585     3.758083     256.190547
2023 325    0.7299538     3.766684     256.771693
2023 326    0.7259692     3.774980     257.358844
2023 327    0.7214999     3.782972     257.952886
2023 328    0.7165403     3.790655     258.554754
2023 329    0.7110841     3.798025     259.165447
2023 330    0.7051244     3.805073     259.786036
2023 331    0.6986532     3.811789     260.417675
2023 332    0.6916618     3.818161     261.061617
2023 333    0.6841406     3.824171     261.719225
2023 334    0.6760788     3.829800     262.391997
2023 335    0.6674646     3.835024     263.081582
2023 336    0.6582849     3.839812     263.789813
2023 337    0.6485251     3.844129     264.518730
2023 338    0.6381694     3.847932     265.270625
2023 339    0.6271999     3.851170     266.048086
2023 340    0.6155971     3.853780     266.854053
2023 341    0.6033391     3.855687     267.691891
2023 342    0.5904018     3.856801     268.565477
2023 343    0.5767580     3.857009     269.479315
2023 344    0.5623775     3.856175     270.438680
2023 345    0.5472262     3.854129     271.449794
2023 346    0.5312655     3.850660     272.520094
2023 347    0.5144518     3.845500     273.658542
2023 348    0.4967351     3.838306     274.876078
2023 349    0.4780582     3.828635     276.186234
2023 350    0.4583544     3.815901     277.606005
2023 351    0.4375460     3.799319     279.157104
2023 352    0.4155411     3.777810     280.867834
2023 353    0.3922301     3.749858     282.775956
2023 354    0.3674799     3.713261     284.933259
2023 355    0.3411271     3.664705     287.413170
2023 356    0.3129667     3.598975     290.324132
2023 357    0.2827370     3.507385     293.834733
2023 358    0.2500960     3.374380     298.225081
2023 359    0.2145895     3.169259     304.004127
2023 360    0.1756182     2.822640     312.221418
2023 361    0.1325140     2.143401     325.497222
2023 362    0.0858184     0.438633     352.696705
2023 363    0.0532245    -3.614960      68.780943
2023 364    0.0829164    -1.933888     149.162292
2023 365    0.1296681    -0.085018     177.955673
2024   1    0.1730453     0.834785     191.698002
2024   2    0.2122567     1.377250     200.108515
2024   3    0.2479611     1.739313     205.986227
2024   4    0.2807669     2.001255     210.433979
2024   5    0.3111366     2.201536     213.981044
2024   6    0.3394182     2.360914     216.916671
2024   7    0.3658778     2.491616     219.414068
2024   8    0.3907232     2.601341     221.584229
2024   9    0.4141202     2.695198     223.502083
2024  10    0.4362034     2.776717     225.220357
2024  11    0.4570839     2.848428     226.777418
2024  12    0.4768544     2.912190     228.201979
2024  13    0.4955936     2.969408     229.516040
2024  14    0.5133686     3.021161     230.736796
2024  15    0.5302373     3.068297     231.877928
2024  16    0.5462501     3.111490     232.950485
2024  17    0.5614509     3.151283     233.963513
2024  18    0.5758786     3.188121     234.924508
2024  19    0.5895676     3.222371     235.839750
2024  20    0.6025483     3.254338     236.714551
2024  21    0.6148480     3.284281     237.553443
2024  22    0.6264912     3.312417     238.360329
2024  23    0.6374997     3.338932     239.138595
2024  24    0.6478934     3.363988     239.891198
2024  25    0.6576899     3.387721     240.620738
2024  26    0.6669055     3.410254     241.329518
2024  27    0.6755547     3.431690     242.019591
2024  28    0.6836507     3.452123     242.692793
2024  29    0.6912054     3.471634     243.350783
2024  30    0.6982296     3.490295     243.995063
2024  31    0.7047331     3.508171     244.627003
2024  32    0.7107246     3.525317     245.247860
2024  33    0.7162120     3.541786     245.858788
2024  34    0.7212025     3.557623     246.460863
2024  35    0.7257023     3.572868     247.055086
2024  36    0.7297171     3.587559     247.642395
2024  37    0.7332517     3.601729     248.223677
2024  38    0.7363104     3.615406     248.799773
2024  39    0.7388968     3.628619     249.371484
2024  40    0.7410140     3.641392     249.939584
2024  41    0.7426644     3.653745     250.504818
2024  42    0.7438500     3.665698     251.067912
2024  43    0.7445722     3.677269     251.629579
2024  44    0.7448317     3.688474     252.190520
2024  45    0.7446289     3.699324     252.751432
2024  46    0.7439635     3.709834     253.313013
2024  47    0.7428347     3.720012     253.875962
2024  48    0.7412413     3.729867     254.440992
2024  49    0.7391815     3.739406     255.008827
2024  50    0.7366527     3.748636     255.580210
2024  51    0.7336521     3.757559     256.155911
2024  52    0.7301761     3.766177     256.736730
2024  53    0.7262204     3.774492     257.323502
2024  54    0.7217804     3.782502     257.917111
2024  55    0.7168503     3.790204     258.518488
2024  56    0.7114242     3.797593     259.128628
2024  57    0.7054948     3.804661     259.748598
2024  58    0.6990546     3.811397     260.379547
2024  59    0.6920947     3.817790     261.022720
2024  60    0.6846056     3.823823     261.679474
2024  61    0.6765765     3.829476     262.351298
2024  62    0.6679958     3.834725     263.039833
2024  63    0.6588504     3.839540     263.746897
2024  64    0.6491259     3.843886     264.474519
2024  65    0.6388063     3.847722     265.224974
2024  66    0.6278742     3.850995     266.000830
2024  67    0.6163100     3.853645     266.805005
2024  68    0.6040920     3.855597     267.640836
2024  69    0.5911961     3.856761     268.512167
2024  70    0.5775955     3.857027     269.423459
2024  71    0.5632601     3.856260     270.379939
2024  72    0.5481560     3.854293     271.387763
2024  73    0.5322450     3.850916     272.454288
2024  74    0.5154838     3.845866     273.588374
2024  75    0.4978228     3.838805     274.800827
2024  76    0.4792052     3.829297     276.105003
2024  77    0.4595650     3.816767     277.517656
2024  78    0.4388253     3.800442     279.060175
2024  79    0.4168950     3.779267     280.760398
2024  80    0.3936658     3.751754     282.655412
2024  81    0.3690061     3.715754     284.795992
2024  82    0.3427546     3.668037     287.253968
2024  83    0.3147093     3.603535     290.135139
2024  84    0.2846123     3.513839     293.603418
2024  85    0.2521274     3.383963     297.929911
2024  86    0.2168080     3.184531     303.604161
2024  87    0.1780638     2.849786     311.626607
2024  88    0.1352207     2.201144     324.459998
2024  89    0.0886177     0.601713     350.255456
2024  90    0.0535562    -3.438292      62.235723
2024  91    0.0801718    -2.094577     146.364909
2024  92    0.1269304    -0.161079     176.827160
2024  93    0.1705684     0.793291     191.068516
2024  94    0.2100121     1.350949     199.691513
2024  95    0.2459080     1.720934     205.681250
2024  96    0.2788731     1.987543     210.196393
2024  97    0.3093780     2.190821     213.787734
2024  98    0.3377766     2.352248     216.754328
2024  99    0.3643390     2.484420     219.274419
2024 100    0.3892760     2.595240     221.461819
2024 101    0.4127557     2.689937     223.393146
2024 102    0.4349143     2.772118     225.122195
2024 103    0.4558641     2.844359     226.688040
2024 104    0.4756988     2.908555     228.119876
2024 105    0.4944978     2.966129     229.440043
2024 106    0.5123289     3.018185     230.665984
2024 107    0.5292504     3.065578     231.811562
2024 108    0.5453131     3.108991     232.887964
2024 109    0.5605615     3.148975     233.904343
2024 110    0.5750345     3.185980     234.868276
2024 111    0.5887668     3.220377     235.786109
2024 112    0.6017892     3.252474     236.663205
2024 113    0.6141290     3.282532     237.504140
2024 114    0.6258108     3.310771     238.312851
2024 115    0.6368567     3.337379     239.092751
2024 116    0.6472867     3.362519     239.846821
2024 117    0.6571185     3.386328     240.577682
2024 118    0.6663685     3.408930     241.287652
2024 119    0.6750512     3.430430     241.978797
2024 120    0.6831799     3.450921     242.652968
2024 121    0.6907667     3.470485     243.311832
2024 122    0.6978224     3.489196     243.956899
2024 123    0.7043568     3.507117     244.589546
2024 124    0.7103787     3.524306     245.211037
2024 125    0.7158961     3.540815     245.822534
2024 126    0.7209161     3.556689     246.425115
2024 127    0.7254452     3.571969     247.019786
2024 128    0.7294888     3.586692     247.607489
2024 129    0.7330520     3.600893     248.189113
2024 130    0.7361390     3.614600     248.765501
2024 131    0.7387536     3.627840     249.337458
2024 132    0.7408987     3.640638     249.905757
2024 133    0.7425770     3.653017     250.471146
2024 134    0.7437904     3.664994     251.034354
2024 135    0.7445402     3.676588     251.596091
2024 136    0.7448274     3.687814     252.157060
2024 137    0.7446522     3.698686     252.717959
2024 138    0.7440144     3.709215     253.279484
2024 139    0.7429134     3.719413     253.842337
2024 140    0.7413478     3.729288     254.407226
2024 141    0.7393159     3.738846     254.974876
2024 142    0.7368153     3.748094     255.546031
2024 143    0.7338429     3.757036     256.121456
2024 144    0.7303954     3.765673     256.701949
2024 145    0.7264685     3.774006     257.288346
2024 146    0.7220575     3.782035     257.881524
2024 147    0.7171569     3.789756     258.482414
2024 148    0.7117606     3.797163     259.092006
2024 149    0.7058615     3.804251     259.711361
2024 150    0.6994520     3.811008     260.341624
2024 151    0.6925234     3.817422     260.984034
2024 152    0.6850661     3.823477     261.639940
2024 153    0.6770697     3.829153     262.310824
2024 154    0.6685222     3.834427     262.998316
2024 155    0.6594109     3.839269     263.704223
2024 156    0.6497214     3.843645     264.430560
2024 157    0.6394378     3.847513     265.179587
2024 158    0.6285428     3.850822     265.953853
2024 159    0.6170168     3.853511     266.756253
2024 160    0.6048385     3.855507     267.590097
2024 161    0.5919838     3.856721     268.459194
2024 162    0.5784261     3.857044     269.367968
2024 163    0.5641354     3.856344     270.321594
2024 164    0.5490782     3.854453     271.326166
2024 165    0.5332165     3.851168     272.388962
2024 166    0.5165073     3.846226     273.518741
2024 167    0.4989015     3.839297     274.726179
2024 168    0.4803427     3.829950     276.024458
2024 169    0.4607656     3.817619     277.430101
2024 170    0.4400938     3.801547     278.964175
2024 171    0.4182374     3.780697     280.654068
2024 172    0.3950890     3.753615     282.536213
2024 173    0.3705189     3.718199     284.660399
2024 174    0.3443675     3.671299     287.096914
2024 175    0.3164358     3.607990     289.949008
2024 176    0.2864696     3.520127     293.376105
2024 177    0.2541383     3.393267     297.640727
2024 178    0.2190029     3.199280     303.214043
2024 179    0.1804822     2.875786     311.050535
2024 180    0.1378981     2.255690     323.468053
2024 181    0.0914187     0.753053     347.975172
2024 182    0.0541991    -3.222531      55.844522
2024 183    0.0774805    -2.260136     143.386540
2024 184    0.1241929    -0.239994     175.655300
2024 185    0.1680894     0.750712     190.424073
2024 186    0.2077667     1.324157     199.267900
2024 187    0.2438554     1.702303     205.372903
2024 188    0.2769806     1.973690     209.956940
2024 189    0.3076213     2.180022     213.593340
2024 190    0.3361372     2.343530     216.591348
2024 191    0.3628026     2.477192     219.134401
2024 192    0.3878315     2.589119     221.339207
2024 193    0.4113940     2.684664     223.284118
2024 194    0.4336281     2.767509     225.024018
2024 195    0.4546471     2.840285     226.598695
2024 196    0.4745460     2.904917     228.037839
2024 197    0.4934047     2.962857     229.364133
2024 198    0.5112918     3.015216     230.595272
2024 199    0.5282661     3.062867     231.745304
2024 200    0.5443787     3.106501     232.825555
2024 201    0.5596745     3.146677     233.845284
2024 202    0.5741928     3.183848     234.812153
2024 203    0.5879684     3.218391     235.732573
2024 204    0.6010323     3.250618     236.611960
2024 205    0.6134121     3.280792     237.454932
2024 206    0.6251326     3.309134     238.265460
2024 207    0.6362159     3.335835     239.046987
2024 208    0.6466821     3.361058     239.802516
2024 209    0.6565492     3.384944     240.534688
2024 210    0.6658335     3.407615     241.245838
2024 211    0.6745498     3.429178     241.938047
2024 212    0.6827113     3.449728     242.613176
2024 213    0.6903302     3.469346     243.272902
2024 214    0.6974174     3.488106     243.918745
2024 215    0.7039827     3.506073     244.552090
2024 216    0.7100350     3.523305     245.174206
2024 217    0.7155824     3.539854     245.786260
2024 218    0.7206321     3.555765     246.389336
2024 219    0.7251903     3.571080     246.984442
2024 220    0.7292629     3.585837     247.572526
2024 221    0.7328548     3.600069     248.154479
2024 222    0.7359703     3.613806     248.731146
2024 223    0.7386131     3.627074     249.303334
2024 224    0.7407864     3.639900     249.871820
2024 225    0.7424927     3.652304     250.437350
2024 226    0.7437339     3.664306     251.000655
2024 227    0.7445116     3.675924     251.562447
2024 228    0.7448265     3.687174     252.123429
2024 229    0.7446792     3.698069     252.684298
2024 230    0.7440693     3.708621     253.245752
2024 231    0.7429962     3.718841     253.808490
2024 232    0.7414587     3.728737     254.373221
2024 233    0.7394549     3.738317     254.940670
2024 234    0.7369826     3.747587     255.511576
2024 235    0.7340388     3.756549     256.086705
2024 236    0.7306201     3.765208     256.666854
2024 237    0.7267223     3.773563     257.252855
2024 238    0.7223407     3.781614     257.845582
2024 239    0.7174699     3.789357     258.445962
2024 240    0.7121037     3.796788     259.054987
2024 241    0.7062352     3.803899     259.673722
2024 242    0.6998568     3.810681     260.303292
2024 243    0.6929599     3.817120     260.944931
2024 244    0.6855350     3.823202     261.599982
2024 245    0.6775715     3.828907     262.269917
2024 246    0.6690578     3.834211     262.956356
2024 247    0.6599811     3.839086     263.661095
2024 248    0.6503270     3.843496     264.386136
2024 249    0.6400800     3.847402     265.133722
2024 250    0.6292226     3.850752     265.906384
2024 251    0.6177356     3.853487     266.706993
2024 252    0.6055975     3.855534     267.538831
2024 253    0.5927846     3.856805     268.405677
2024 254    0.5792704     3.857193     269.311911
2024 255    0.5650252     3.856566     270.262659
2024 256    0.5500156     3.854761     271.263952
2024 257    0.5342040     3.851575     272.322989
2024 258    0.5175477     3.846751     273.448428
2024 259    0.4999979     3.839963     274.650814
2024 260    0.4814988     3.830787     275.943155
2024 261    0.4619856     3.818667     277.341743
2024 262    0.4413828     3.802860     278.867323
2024 263    0.4196014     3.782349     280.546836
2024 264    0.3965350     3.755711     282.416062
2024 265    0.3720556     3.720892     284.523811
2024 266    0.3460056     3.674824     286.938842
2024 267    0.3181888     3.612719     289.761889
2024 268    0.2883549     3.526694     293.147965
2024 269    0.2561788     3.402834     297.351195
2024 270    0.2212291     3.214215     302.824924
2024 271    0.1829337     2.901680     310.479532
2024 272    0.1406131     2.308935     322.496124
2024 273    0.0942874     0.897431     345.790255
2024 274    0.0551624    -2.969268      49.518034
2024 275    0.0747865    -2.434733     140.126847
2024 276    0.1213857    -0.324630     174.403970
2024 277    0.1655440     0.705351     189.745758
2024 278    0.2054622     1.295693     198.825418
2024 279    0.2417497     1.682510     205.052282
2024 280    0.2750400     1.958951     209.708689
2024 281    0.3058205     2.168506     213.392217
2024 282    0.3344570     2.334208     216.422978
2024 283    0.3612283     2.469439     218.989917
2024 284    0.3863515     2.582533     221.212801
2024 285    0.4099990     2.678973     223.171797
2024 286    0.4323103     2.762524     224.922932
2024 287    0.4534004     2.835866     226.506751
2024 288    0.4733649     2.900961     227.953452
2024 289    0.4922849     2.959284     229.286081
2024 290    0.5102293     3.011967     230.522592
2024 291    0.5272576     3.059891     231.677226
2024 292    0.5434213     3.103762     232.761452
2024 293    0.5587656     3.144143     233.784641
2024 294    0.5733302     3.181495     234.754542
2024 295    0.5871501     3.216196     235.677634
2024 296    0.6002565     3.248563     236.559385
2024 297    0.6126772     3.278862     237.404459
2024 298    0.6244372     3.307317     238.216862
2024 299    0.6355588     3.334119     239.000066
2024 300    0.6460620     3.359434     239.757098
2024 301    0.6559652     3.383403     240.490620
2024 302    0.6652845     3.406151     241.202983
2024 303    0.6740350     3.427784     241.896281
2024 304    0.6822300     3.448397     242.572387
2024 305    0.6898817     3.468075     243.232989
2024 306    0.6970010     3.486890     243.879613
2024 307    0.7035980     3.504907     244.513648
2024 308    0.7096815     3.522186     245.136366
2024 309    0.7152597     3.538777     245.748932
2024 310    0.7203398     3.554728     246.352414
2024 311    0.7249287     3.570077     246.947750
2024 312    0.7285280     3.584588     247.523952
2024 313    0.7298804     3.598053     248.068910
2024 314    0.7307424     3.611163     248.612582
2024 315    0.7311155     3.623928     249.155423
2024 316    0.7310003     3.636365     249.698121
2024 317    0.7303967     3.648490     250.241385
2024 318    0.7293039     3.660314     250.785940
2024 319    0.7277205     3.671851     251.332519
2024 320    0.7256446     3.683109     251.881874
2024 321    0.7230735     3.694100     252.434779
2024 322    0.7200040     3.704830     252.992031
2024 323    0.7164320     3.715304     253.554465
2024 324    0.7123530     3.725529     254.122954
2024 325    0.7077614     3.735506     254.698422
2024 326    0.7026511     3.745237     255.281850
2024 327    0.6970150     3.754723     255.874286
2024 328    0.6908452     3.763959     256.476858
2024 329    0.6841328     3.772943     257.090789
2024 330    0.6768678     3.781667     257.717408
2024 331    0.6690393     3.790121     258.358176
2024 332    0.6606349     3.798292     259.014698
2024 333    0.6516409     3.806165     259.688758
2024 334    0.6420423     3.813717     260.382347
2024 335    0.6318222     3.820922     261.097700
2024 336    0.6209620     3.827747     261.837345
2024 337    0.6094409     3.834152     262.604158
2024 338    0.5972357     3.840084     263.401438
2024 339    0.5843206     3.845482     264.232995
2024 340    0.5706666     3.850266     265.103267
2024 341    0.5562411     3.854338     266.017467
2024 342    0.5410072     3.857573     266.981776
2024 343    0.5249232     3.859812     268.003603
2024 344    0.5079413     3.860851     269.091926
2024 345    0.4900068     3.860423     270.257771
2024 346    0.4710561     3.858176     271.514851
2024 347    0.4510152     3.853637     272.880538
2024 348    0.4297967     3.846155     274.377224
2024 349    0.4072964     3.834819     276.034411
2024 350    0.3833880     3.818311     277.891973
2024 351    0.3579166     3.794662     280.005462
2024 352    0.3306881     3.760809     282.455206
2024 353    0.3014537     3.711735     285.362847
2024 354    0.2698863     3.638657     288.923838
2024 355    0.2355415     3.524800     293.477930
2024 356    0.1977958     3.334000     299.684215
2024 357    0.1557611     2.972965     309.048735
2024 358    0.1083611     2.121038     326.078170
2024 359    0.0582636    -0.874550      12.434634
2024 360    0.0592462    -3.010503     128.166994
2024 361    0.1094895    -0.413392     173.224400
2024 362    0.1567616     0.709717     189.938492
2024 363    0.1986878     1.310538     199.176715
2024 364    0.2363484     1.691827     205.316369
2024 365    0.2706247     1.959885     209.829508
2024 366    0.3021353     2.161293     213.362810
2025   1    0.3313213     2.319798     216.250482
2025   2    0.3585078     2.448854     218.685139
2025   3    0.3839420     2.556698     220.786825
2025   4    0.4078172     2.648680     222.634901
2025   5    0.4302874     2.728442     224.284300
2025   6    0.4514783     2.798556     225.774479
2025   7    0.4714938     2.860897     227.134651
2025   8    0.4904208     2.916868     228.387001
2025   9    0.5083333     2.967541     229.548743
2025  10    0.5252944     3.013753     230.633487
2025  11    0.5413588     3.056166     231.652164
2025  12    0.5565740     3.095311     232.613684
2025  13    0.5709818     3.131623     233.525401
2025  14    0.5846188     3.165458     234.393454
2025  15    0.5975177     3.197113     235.223019
2025  16    0.6097072     3.226838     236.018506
2025  17    0.6212132     3.254844     236.783701
2025  18    0.6320588     3.281311     237.521883
2025  19    0.6422647     3.306394     238.235911
2025  20    0.6518496     3.330226     238.928300
2025  21    0.6608301     3.352924     239.601273
2025  22    0.6692215     3.374589     240.256809
2025  23    0.6770372     3.395310     240.896684
2025  24    0.6842897     3.415166     241.522497
2025  25    0.6909898     3.434228     242.135701
2025  26    0.6971476     3.452556     242.737621
2025  27    0.7027718     3.470207     243.329474
2025  28    0.7078704     3.487229     243.912383
2025  29    0.7124505     3.503667     244.487396
2025  30    0.7165181     3.519561     245.055489
2025  31    0.7200788     3.534948     245.617583
2025  32    0.7231372     3.549858     246.174550
2025  33    0.7256972     3.564323     246.727224
2025  34    0.7277621     3.578366     247.276406
2025  35    0.7293345     3.592016     247.822862
2025  36    0.7304165     3.605292     248.367349
2025  37    0.7310093     3.618214     248.910604
2025  38    0.7311137     3.630800     249.453356
2025  39    0.7307299     3.643065     249.996330
2025  40    0.7298573     3.655024     250.540254
2025  41    0.7284949     3.666690     251.085859
2025  42    0.7266409     3.678074     251.633894
2025  43    0.7242931     3.689186     252.185121
2025  44    0.7214484     3.700033     252.740328
2025  45    0.7181031     3.710622     253.300334
2025  46    0.7142530     3.720960     253.865994
2025  47    0.7098928     3.731049     254.438207
2025  48    0.7050168     3.740892     255.017929
2025  49    0.6996184     3.750488     255.606176
2025  50    0.6936899     3.759838     256.204038
2025  51    0.6872229     3.768937     256.812696
2025  52    0.6802080     3.777780     257.433427
2025  53    0.6726347     3.786357     258.067631
2025  54    0.6644911     3.794659     258.716845
2025  55    0.6557643     3.802669     259.382769
2025  56    0.6464399     3.810369     260.067297
2025  57    0.6365018     3.817735     260.772549
2025  58    0.6259323     3.824736     261.500913
2025  59    0.6147114     3.831337     262.255102
2025  60    0.6028172     3.837490     263.038214
2025  61    0.5902251     3.843138     263.853817
2025  62    0.5769076     3.848211     264.706049
2025  63    0.5628337     3.852618     265.599753
2025  64    0.5479686     3.856249     266.540648
2025  65    0.5322729     3.858960     267.535553
2025  66    0.5157016     3.860569     268.592688
2025  67    0.4982032     3.860841     269.722087
2025  68    0.4797185     3.859465     270.936164
2025  69    0.4601784     3.856028     272.250494
2025  70    0.4395018     3.849969     273.685005
2025  71    0.4175927     3.840505     275.265678
2025  72    0.3943354     3.826526     277.027210
2025  73    0.3695890     3.806395     279.017248
2025  74    0.3431786     3.777618     281.303486
2025  75    0.3148823     3.736205     283.986188
2025  76    0.2844119     3.675392     287.221909
2025  77    0.2513819     3.582805     291.272539
2025  78    0.2152591     3.433307     296.619259
2025  79    0.1752848     3.167658     304.274318
2025  80    0.1304152     2.610134     316.870938
2025  81    0.0802036     1.001657     344.347865
2025  82    0.0461082    -3.781319      77.691336
2025  83    0.0865039    -1.313141     159.506688
2025  84    0.1361974     0.302929     183.855890
2025  85    0.1804076     1.077921     195.551095
2025  86    0.2198609     1.538502     202.814152
2025  87    0.2555706     1.849537     207.948917
2025  88    0.2882628     2.077069     211.869032
2025  89    0.3184492     2.252769     215.017199
2025  90    0.3465012     2.393820     217.637512
2025  91    0.3726975     2.510411     219.877263
2025  92    0.3972533     2.609000     221.831457
2025  93    0.4203389     2.693890     223.564587
2025  94    0.4420916     2.768077     225.122262
2025  95    0.4626245     2.833718     226.537813
2025  96    0.4820316     2.892405     227.836277
2025  97    0.5003923     2.945347     229.036903
2025  98    0.5177743     2.993475     230.154786
2025  99    0.5342360     3.037524     231.201968
2025 100    0.5498279     3.078080     232.188201
2025 101    0.5645943     3.115618     233.121491
2025 102    0.5785740     3.150528     234.008487
2025 103    0.5918012     3.183131     234.854772
2025 104    0.6043066     3.213696     235.665081
2025 105    0.6161172     3.242452     236.443463
2025 106    0.6272573     3.269591     237.193413
2025 107    0.6377486     3.295279     237.917971
2025 108    0.6476108     3.319658     238.619797
2025 109    0.6568613     3.342853     239.301240
2025 110    0.6655160     3.364971     239.964383
2025 111    0.6735891     3.386107     240.611090
2025 112    0.6810936     3.406343     241.243036
2025 113    0.6880409     3.425754     241.861737
2025 114    0.6944415     3.444406     242.468571
2025 115    0.7003047     3.462355     243.064803
2025 116    0.7056389     3.479654     243.651598
2025 117    0.7104514     3.496350     244.230034
2025 118    0.7147489     3.512484     244.801119
2025 119    0.7185370     3.528095     245.365798
2025 120    0.7218207     3.543216     245.924963
2025 121    0.7246045     3.557878     246.479466
2025 122    0.7268917     3.572109     247.030117
2025 123    0.7286854     3.585933     247.577702
2025 124    0.7299877     3.599375     248.122982
2025 125    0.7308004     3.612454     248.666699
2025 126    0.7311244     3.625189     249.209586
2025 127    0.7309602     3.637596     249.752370
2025 128    0.7303075     3.649691     250.295775
2025 129    0.7291655     3.661488     250.840532
2025 130    0.7275329     3.672997     251.387380
2025 131    0.7254074     3.684230     251.937075
2025 132    0.7227865     3.695195     252.490393
2025 133    0.7196668     3.705900     253.048137
2025 134    0.7160443     3.716350     253.611146
2025 135    0.7119141     3.726551     254.180298
2025 136    0.7072708     3.736504     254.756522
2025 137    0.7021081     3.746212     255.340805
2025 138    0.6964189     3.755673     255.934204
2025 139    0.6901951     3.764885     256.537856
2025 140    0.6834277     3.773844     257.152994
2025 141    0.6761068     3.782542     257.780959
2025 142    0.6682210     3.790969     258.423225
2025 143    0.6597581     3.799112     259.081416
2025 144    0.6507042     3.806954     259.757333
2025 145    0.6410440     3.814474     260.452990
2025 146    0.6307606     3.821643     261.170649
2025 147    0.6198351     3.828429     261.912871
2025 148    0.6082464     3.834790     262.682570
2025 149    0.5959712     3.840673     263.483093
2025 150    0.5829832     3.846014     264.318306
2025 151    0.5692533     3.850733     265.192718
2025 152    0.5547484     3.854729     266.111630
2025 153    0.5394311     3.857873     267.081333
2025 154    0.5232592     3.860003     268.109375
2025 155    0.5061843     3.860910     269.204916
2025 156    0.4881507     3.860319     270.379219
2025 157    0.4690940     3.857868     271.646315
2025 158    0.4489390     3.853068     273.024008
2025 159    0.4275967     3.845249     274.535295
2025 160    0.4049610     3.833465     276.210547
2025 161    0.3809031     3.816346     278.090926
2025 162    0.3552646     3.791840     280.233975
2025 163    0.3278468     3.756735     282.723251
2025 164    0.2983942     3.705741     285.685953
2025 165    0.2665700     3.629527     289.327879
2025 166    0.2319150     3.510088     294.010129
2025 167    0.1937833     3.308017     300.442711
2025 168    0.1512562     2.919321     310.282509
2025 169    0.1032861     1.972762     328.673450
2025 170    0.0541555    -1.466453      21.654879
2025 171    0.0638540    -2.659178     135.875542
2025 172    0.1145022    -0.257453     175.545145
2025 173    0.1612024     0.785960     191.091181
2025 174    0.2026515     1.356344     199.901133
2025 175    0.2399373     1.722930     205.831369
2025 176    0.2739113     1.982708     210.223946
2025 177    0.3051707     2.178952     213.680252
2025 178    0.3341426     2.333994     216.515114
2025 179    0.3611429     2.460601     218.911616
2025 180    0.3864124     2.566639     220.984629
2025 181    0.4101400     2.657245     222.810480
2025 182    0.4324764     2.735931     224.442222
2025 183    0.4535448     2.805185     225.918086
2025 184    0.4734472     2.866827     227.266456
2025 185    0.4922691     2.922219     228.508937
2025 186    0.5100832     2.972408     229.662328
2025 187    0.5269518     3.018209     230.739931
2025 188    0.5429288     3.060269     231.752448
2025 189    0.5580611     3.099110     232.708615
2025 190    0.5723898     3.135157     233.615648
2025 191    0.5859513     3.168760     234.479578
2025 192    0.5987776     3.200210     235.305498
2025 193    0.6108973     3.229752     236.097748
2025 194    0.6223359     3.257595     236.860058
2025 195    0.6331163     3.283916     237.595661
2025 196    0.6432590     3.308867     238.307380
2025 197    0.6527824     3.332579     238.997695
2025 198    0.6617031     3.355169     239.668803
2025 199    0.6700360     3.376734     240.322664
2025 200    0.6777946     3.397365     240.961031
2025 201    0.6849910     3.417139     241.585490
2025 202    0.6916362     3.436124     242.197479
2025 203    0.6977400     3.454382     242.798310
2025 204    0.7033110     3.471967     243.389192
2025 205    0.7083572     3.488928     243.971240
2025 206    0.7128855     3.505310     244.545491
2025 207    0.7169020     3.521152     245.112918
2025 208    0.7204120     3.536489     245.674437
2025 209    0.7234201     3.551354     246.230915
2025 210    0.7259302     3.565775     246.783180
2025 211    0.7279455     3.579780     247.332029
2025 212    0.7294685     3.593391     247.878232
2025 213    0.7305013     3.606631     248.422540
2025 214    0.7310450     3.619519     248.965689
2025 215    0.7311004     3.632072     249.508408
2025 216    0.7306674     3.644307     250.051422
2025 217    0.7297457     3.656237     250.595458
2025 218    0.7283340     3.667875     251.141250
2025 219    0.7264305     3.679231     251.689546
2025 220    0.7240329     3.690317     252.241113
2025 221    0.7211380     3.701139     252.796739
2025 222    0.7177423     3.711704     253.357248
2025 223    0.7138411     3.722017     253.923498
2025 224    0.7094294     3.732083     254.496395
2025 225    0.7045012     3.741903     255.076898
2025 226    0.6990499     3.751476     255.666032
2025 227    0.6930677     3.760803     256.264895
2025 228    0.6865461     3.769878     256.874675
2025 229    0.6794756     3.778697     257.496663
2025 230    0.6718455     3.787249     258.132271
2025 231    0.6636440     3.795525     258.783050
2025 232    0.6548579     3.803507     259.450720
2025 233    0.6454726     3.811178     260.137193
2025 234    0.6354719     3.818511     260.844616
2025 235    0.6248378     3.825478     261.575407
2025 236    0.6135504     3.832039     262.332314
2025 237    0.6015872     3.838148     263.118477
2025 238    0.5889236     3.843746     263.937517
2025 239    0.5755315     3.848760     264.793636
2025 240    0.5613798     3.853100     265.691756
2025 241    0.5464331     3.856650     266.637694
2025 242    0.5306515     3.859265     267.638395
2025 243    0.5139895     3.860757     268.702242
2025 244    0.4963949     3.860886     269.839474
2025 245    0.4778074     3.859331     271.062786
2025 246    0.4581569     3.855667     272.388126
2025 247    0.4373611     3.849314     273.835941
2025 248    0.4153221     3.839464     275.432945
2025 249    0.3919220     3.824963     277.214907
2025 250    0.3670169     3.804109     279.231103
2025 251    0.3404278     3.774292     281.551802
2025 252    0.3119273     3.731318     284.281579
2025 253    0.2812190     3.668031     287.584720
2025 254    0.2479051     3.571212     291.738278
2025 255    0.2114338     3.413682     297.257107
2025 256    0.1710185     3.130172     305.242865
2025 257    0.1255943     2.521179     318.643232
2025 258    0.0750579     0.684702     349.167690
2025 259    0.0474543    -3.859287      91.081756
2025 260    0.0916892    -1.078099     163.176370
2025 261    0.1408910     0.404683     185.374499
2025 262    0.1845716     1.134335     196.427926
2025 263    0.2236081     1.574987     203.409142
2025 264    0.2589863     1.875468     208.391615
2025 265    0.2914065     2.096684     212.218412
2025 266    0.3213635     2.268274     215.304401
2025 267    0.3492178     2.406483     217.880738
2025 268    0.3752404     2.521015     220.087974
2025 269    0.3996415     2.618056     222.017284
2025 270    0.4225874     2.701750     223.730848
2025 271    0.4442128     2.774993     225.272792
2025 272    0.4646286     2.839870     226.675463
2025 273    0.4839272     2.897931     227.963219
2025 274    0.5021866     2.950351     229.154827
2025 275    0.5194737     2.998040     230.265032
2025 276    0.5358458     3.041715     231.305613
2025 277    0.5513529     3.081949     232.286126
2025 278    0.5660386     3.119208     233.214424
2025 279    0.5799411     3.153873     234.097036
2025 280    0.5930945     3.186261     234.939451
2025 281    0.6055289     3.216636     235.746327
2025 282    0.6172711     3.245222     236.521653
2025 283    0.6283450     3.272210     237.268875
2025 284    0.6387723     3.297761     237.990988
2025 285    0.6485722     3.322018     238.690621
2025 286    0.6577622     3.345101     239.370092
2025 287    0.6663578     3.367118     240.031462
2025 288    0.6743732     3.388161     240.676573
2025 289    0.6818212     3.408313     241.307082
2025 290    0.6887132     3.427647     241.924491
2025 291    0.6950594     3.446226     242.530168
2025 292    0.7008691     3.464110     243.125363
2025 293    0.7061505     3.481348     243.711234
2025 294    0.7109110     3.497987     244.288851
2025 295    0.7151570     3.514069     244.859215
2025 296    0.7188943     3.529630     245.423266
2025 297    0.7221276     3.544706     245.981890
2025 298    0.7248613     3.559325     246.535935
2025 299    0.7270989     3.573515     247.086209
2025 300    0.7288431     3.587302     247.633494
2025 301    0.7300962     3.600708     248.178549
2025 302    0.7308597     3.613754     248.722116
2025 303    0.7311347     3.626457     249.264926
2025 304    0.7309214     3.638834     249.807705
2025 305    0.7302197     3.650901     250.351179
2025 306    0.7290285     3.662670     250.896078
2025 307    0.7273464     3.674153     251.443144
2025 308    0.7251714     3.685361     251.993132
2025 309    0.7225005     3.696302     252.546823
2025 310    0.7193305     3.706983     253.105022
2025 311    0.7156572     3.717410     253.668572
2025 312    0.7114758     3.727588     254.238355
2025 313    0.7067806     3.737519     254.815306
2025 314    0.7015654     3.747204     255.400418
2025 315    0.6958229     3.756643     255.994757
2025 316    0.6895449     3.765833     256.599466
2025 317    0.6827225     3.774769     257.215790
2025 318    0.6753453     3.783443     257.845083
2025 319    0.6674022     3.791845     258.488831
2025 320    0.6588806     3.799962     259.148674
2025 321    0.6497666     3.807776     259.826435
2025 322    0.6400447     3.815265     260.524150
2025 323    0.6296976     3.822402     261.244108
2025 324    0.6187065     3.829151     261.988903
2025 325    0.6070500     3.835470     262.761488
2025 326    0.5947045     3.841306     263.565257
2025 327    0.5816435     3.846594     264.404137
2025 328    0.5678373     3.851250     265.282705
2025 329    0.5532526     3.855171     266.206353
2025 330    0.5378515     3.858227     267.181485
2025 331    0.5215913     3.860251     268.215791
2025 332    0.5044227     3.861027     269.318618
2025 333    0.4862895     3.860275     270.501471
2025 334    0.4671262     3.857621     271.778708
2025 335    0.4468563     3.852561     273.168578
2025 336    0.4253893     3.844403     274.694703
2025 337    0.4026170     3.832165     276.388354
2025 338    0.3784081     3.814425     278.292032
2025 339    0.3526007     3.789041     280.465362
2025 340    0.3249912     3.752646     282.995291
2025 341    0.2953174     3.699659     286.014899
2025 342    0.2632321     3.620161     289.741024
2025 343    0.2282609     3.494802     294.557842
2025 344    0.1897343     3.280577     301.231390
2025 345    0.1467034     2.861245     311.589228
2025 346    0.0981737     1.805024     331.531490
2025 347    0.0506595    -2.098710      32.254575
2025 348    0.0687151    -2.318306     142.507984
2025 349    0.1194514    -0.114479     177.671087
2025 350    0.1655835     0.857622     192.182546
2025 351    0.2065680     1.400019     200.598389
2025 352    0.2434882     1.752834     206.331892
2025 353    0.2771664     2.004765     210.609767
2025 354    0.3081792     2.196076     213.992194
2025 355    0.3369405     2.347791     216.776069
2025 356    0.3637573     2.472033     219.135564
2025 357    0.3888643     2.576323     221.180662
2025 358    0.4124459     2.665595     222.984815
2025 359    0.4346499     2.743235     224.599274
2025 360    0.4555970     2.811653     226.061098
2025 361    0.4753872     2.872612     227.397871
2025 362    0.4941049     2.927440     228.630640
2025 363    0.5118214     2.977156     229.775800
2025 364    0.5285982     3.022555     230.846357
2025 365    0.5444883     3.064272     231.852789
2026   1    0.5595381     3.102816     232.803660
2026   2    0.5737882     3.138604     233.706055
2026   3    0.5872744     3.171979     234.565901
2026   4    0.6000285     3.203228     235.388205
2026   5    0.6120786     3.232593     236.177241
2026   6    0.6234501     3.260277     236.936685
2026   7    0.6341655     3.286455     237.669723
2026   8    0.6442452     3.311277     238.379141
2026   9    0.6537072     3.334873     239.067390
2026  10    0.6625681     3.357357     239.736641
2026  11    0.6708427     3.378826     240.388829
2026  12    0.6785442     3.399369     241.025691
2026  13    0.6856848     3.419062     241.648796
2026  14    0.6922750     3.437972     242.259567
2026  15    0.6983248     3.456161     242.859308
2026  16    0.7038427     3.473683     243.449215
2026  17    0.7088364     3.490586     244.030396
2026  18    0.7133129     3.506913     244.603881
2026  19    0.7172781     3.522704     245.170635
2026  20    0.7207374     3.537993     245.731570
2026  21    0.7236951     3.552813     246.287548
2026  22    0.7261552     3.567193     246.839393
2026  23    0.7281208     3.581158     247.387899
2026  24    0.7295943     3.594732     247.933834
2026  25    0.7305777     3.607937     248.477946
2026  26    0.7310721     3.620791     249.020969
2026  27    0.7310781     3.633313     249.563631
2026  28    0.7305958     3.645516     250.106654
2026  29    0.7296246     3.657417     250.650764
2026  30    0.7281632     3.669026     251.196691
2026  31    0.7262099     3.680355     251.745177
2026  32    0.7237620     3.691413     252.296971
2026  33    0.7208168     3.702206     252.852812
2026  34    0.7173726     3.712739     253.413397
2026  35    0.7134274     3.723020     253.979771
2026  36    0.7089728     3.733056     254.552968
2026  37    0.7040014     3.742846     255.133900
2026  38    0.6985062     3.752391     255.723575
2026  39    0.6924795     3.761689     256.323088
2026  40    0.6859125     3.770735     256.933630
2026  41    0.6787955     3.779524     257.556498
2026  42    0.6711179     3.788047     258.193112
2026  43    0.6628677     3.796291     258.845037
2026  44    0.6540315     3.804241     259.514006
2026  45    0.6445947     3.811878     260.201949
2026  46    0.6345408     3.819175     260.911034
2026  47    0.6238518     3.826102     261.643704
2026  48    0.6125073     3.832621     262.402737
2026  49    0.6004850     3.838683     263.191311
2026  50    0.5877597     3.844229     264.013091
2026  51    0.5743033     3.849184     264.872335
2026  52    0.5600840     3.853456     265.774035
2026  53    0.5450664     3.856928     266.724094
2026  54    0.5292099     3.859450     267.729567
2026  55    0.5124684     3.860833     268.798978
2026  56    0.4947892     3.860828     269.942753
2026  57    0.4761111     3.859108     271.173830
2026  58    0.4563631     3.855237     272.508495
2026  59    0.4354616     3.848619     273.967656
2026  60    0.4133069     3.838422     275.578687
2026  61    0.3897793     3.823453     277.378329
2026  62    0.3647320     3.801949     279.417335
2026  63    0.3379822     3.771197     281.768333
2026  64    0.3092973     3.726815     284.539876
2026  65    0.2783732     3.661278     287.903451
2026  66    0.2448007     3.560575     292.150417
2026  67    0.2080100     3.395555     297.827917
2026  68    0.1671883     3.094996     306.125432
2026  69    0.1212537     2.434945     320.311577
2026  70    0.0705211     0.360866     354.012213
2026  71    0.0495412    -3.764380     102.231831
2026  72    0.0963044    -0.882097     166.179715
2026  73    0.1450473     0.493336     186.696937
2026  74    0.1882703     1.185363     197.220613
2026  75    0.2269458     1.608977     203.962001
2026  76    0.2620350     1.900233     208.812335
2026  77    0.2942169     2.115834     212.557009
2026  78    0.3239721     2.283715     215.587663
2026  79    0.3516516     2.419325     218.124497
2026  80    0.3775201     2.531952     220.302283
2026  81    0.4017833     2.627546     222.208889
2026  82    0.4246045     2.710111     223.904476
2026  83    0.4461158     2.782449     225.431873
2026  84    0.4664262     2.846590     226.822558
2026  85    0.4856269     2.904040     228.100291
2026  86    0.5037947     2.955945     229.283408
2026  87    0.5209955     3.003196     230.386340
2026  88    0.5372861     3.046494     231.420635
2026  89    0.5527156     3.086401     232.395669
2026  90    0.5673272     3.123374     233.319157
2026  91    0.5811588     3.157786     234.197521
2026  92    0.5942441     3.189948     235.036165
2026  93    0.6066127     3.220122     235.839677
2026  94    0.6182913     3.248527     236.611990
2026  95    0.6293036     3.275351     237.356503
2026  96    0.6396709     3.300754     238.076176
2026  97    0.6494125     3.324875     238.773605
2026  98    0.6585454     3.347834     239.451081
2026  99    0.6670852     3.369737     240.110643
2026 100    0.6750460     3.390674     240.754114
2026 101    0.6824402     3.410729     241.383137
2026 102    0.6892793     3.429972     241.999198
2026 103    0.6955734     3.448467     242.603653
2026 104    0.7013316     3.466271     243.197745
2026 105    0.7065622     3.483436     243.782621
2026 106    0.7112723     3.500006     244.359344
2026 107    0.7154684     3.516022     244.928909
2026 108    0.7191560     3.531523     245.492251
2026 109    0.7223401     3.546540     246.050252
2026 110    0.7250247     3.561104     246.603755
2026 111    0.7272133     3.575242     247.153567
2026 112    0.7289086     3.588979     247.700465
2026 113    0.7301129     3.602338     248.245209
2026 114    0.7308275     3.615338     248.788538
2026 115    0.7310535     3.627997     249.331183
2026 116    0.7307911     3.640333     249.873870
2026 117    0.7300399     3.652360     250.417324
2026 118    0.7287991     3.664090     250.962279
2026 119    0.7270670     3.675535     251.509475
2026 120    0.7248416     3.686706     252.059672
2026 121    0.7221199     3.697611     252.613652
2026 122    0.7188984     3.708257     253.172224
2026 123    0.7151730     3.718650     253.736234
2026 124    0.7109388     3.728794     254.306571
2026 125    0.7061901     3.738692     254.884175
2026 126    0.7009204     3.748343     255.470046
2026 127    0.6951224     3.757749     256.065256
2026 128    0.6887880     3.766905     256.670961
2026 129    0.6819079     3.775806     257.288414
2026 130    0.6744718     3.784444     257.918984
2026 131    0.6664683     3.792810     258.564170
2026 132    0.6578847     3.800889     259.225633
2026 133    0.6487069     3.808663     259.905215
2026 134    0.6389193     3.816110     260.604977
2026 135    0.6285045     3.823200     261.327238
2026 136    0.6174432     3.829899     262.074627
2026 137    0.6057140     3.836164     262.850142
2026 138    0.5932928     3.841939     263.657226
2026 139    0.5801530     3.847158     264.499871
2026 140    0.5662643     3.851736     265.382733
2026 141    0.5515930     3.855567     266.311302
2026 142    0.5361008     3.858517     267.292105
2026 143    0.5197441     3.860415     268.332991
2026 144    0.5024732     3.861039     269.443513
2026 145    0.4842306     3.860101     270.635446
2026 146    0.4649500     3.857214     271.923511
2026 147    0.4445532     3.851858     273.326459
2026 148    0.4229481     3.843315     274.868614
2026 149    0.4000242     3.830566     276.582263
2026 150    0.3756472     3.812126     278.511433
2026 151    0.3496512     3.785750     280.718128
2026 152    0.3218267     3.747893     283.293204
2026 153    0.2919038     3.692637     286.376583
2026 154    0.2595233     3.609365     290.198101
2026 155    0.2241927     3.477114     295.169513
2026 156    0.1852146     3.248452     302.125288
2026 157    0.1416059     2.791528     313.108520
2026 158    0.0924658     1.593228     335.029470
2026 159    0.0477116    -2.790112      45.596664
2026 160    0.0742853    -1.960508     148.890462
2026 161    0.1248828     0.034931     179.885275
2026 162    0.1703992     0.935674     193.371827
2026 163    0.2108851     1.449068     201.380692
2026 164    0.2474111     1.787249     206.906045
2026 165    0.2807687     2.030683     211.060559
2026 166    0.3115130     2.216570     214.362554
2026 167    0.3400440     2.364579     217.090380
2026 168    0.3666593     2.486159     219.408856
2026 169    0.3915873     2.588458     221.422794
2026 170    0.4150077     2.676196     223.202567
2026 171    0.4370649     2.752623     224.797495
2026 172    0.4578771     2.820060     226.243363
2026 173    0.4775424     2.880214     227.566888
2026 174    0.4961435     2.934369     228.788506
2026 175    0.5137507     2.983516     229.924170
2026 176    0.5304243     3.028429     230.986558
2026 177    0.5462166     3.069725     231.985904
2026 178    0.5611732     3.107903     232.930580
2026 179    0.5753342     3.143369     233.827525
2026 180    0.5887350     3.176459     234.682548
2026 181    0.6014068     3.207455     235.500564
2026 182    0.6133775     3.236592     236.285771
2026 183    0.6246722     3.264071     237.041784
2026 184    0.6353130     3.290064     237.771739
2026 185    0.6453201     3.314717     238.478379
2026 186    0.6547114     3.338160     239.164120
2026 187    0.6635032     3.360502     239.831104
2026 188    0.6717100     3.381842     240.481241
2026 189    0.6793452     3.402265     241.116247
2026 190    0.6864205     3.421847     241.737673
2026 191    0.6929465     3.440655     242.346928
2026 192    0.6989330     3.458749     242.945301
2026 193    0.7043884     3.476181     243.533978
2026 194    0.7093203     3.493000     244.114056
2026 195    0.7137356     3.509249     244.686559
2026 196    0.7176401     3.524966     245.252445
2026 197    0.7210390     3.540186     245.812619
2026 198    0.7239368     3.554941     246.367939
2026 199    0.7263372     3.569258     246.919226
2026 200    0.7282432     3.583164     247.467270
2026 201    0.7296573     3.596682     248.012837
2026 202    0.7305813     3.609834     248.556674
2026 203    0.7310162     3.622637     249.099515
2026 204    0.7309627     3.635110     249.642088
2026 205    0.7304207     3.647267     250.185118
2026 206    0.7293895     3.659123     250.729333
2026 207    0.7278678     3.670689     251.275471
2026 208    0.7258536     3.681977     251.824282
2026 209    0.7233446     3.692995     252.376538
2026 210    0.7203373     3.703752     252.933036
2026 211    0.7168280     3.714253     253.494606
2026 212    0.7128121     3.724504     254.062116
2026 213    0.7082841     3.734507     254.636483
2026 214    0.7032381     3.744265     255.218681
2026 215    0.6976671     3.753776     255.809750
2026 216    0.6915631     3.763040     256.410809
2026 217    0.6849176     3.772052     257.023066
2026 218    0.6777206     3.780805     257.647839
2026 219    0.6699612     3.789290     258.286568
2026 220    0.6616273     3.797495     258.940844
2026 221    0.6527055     3.805403     259.612424
2026 222    0.6431807     3.812994     260.303274
2026 223    0.6330363     3.820242     261.015596
2026 224    0.6222540     3.827115     261.751880
2026 225    0.6108132     3.833573     262.514956
2026 226    0.5986911     3.839567     263.308068
2026 227    0.5858620     3.845035     264.134960
2026 228    0.5722974     3.849900     264.999984
2026 229    0.5579652     3.854067     265.908253
2026 230    0.5428290     3.857415     266.865820
2026 231    0.5268477     3.859789     267.879930
2026 232    0.5099742     3.860992     268.959350
2026 233    0.4921547     3.860766     270.114833
2026 234    0.4733267     3.858770     271.359726
2026 235    0.4534175     3.854549     272.710907
2026 236    0.4323414     3.847477     274.190077
2026 237    0.4099963     3.836681     275.825756
2026 238    0.3862588     3.820902     277.656363
2026 239    0.3609778     3.798268     279.735222
2026 240    0.3339641     3.765881     282.139077
2026 241    0.3049762     3.719023     284.983456
2026 242    0.2736976     3.649510     288.452564
2026 243    0.2396996     3.541886     292.863301
2026 244    0.2023832     3.363368     298.821376
2026 245    0.1608930     3.031460     307.679585
2026 246    0.1141375     2.273942     323.329767
2026 247    0.0634727    -0.268000       3.344271
2026 248    0.0544131    -3.394595     117.862674
2026 249    0.1036811    -0.605148     170.366363
2026 250    0.1516229     0.620188     188.599496
2026 251    0.1941185     1.258561     198.367093
2026 252    0.2322237     1.657476     204.758098
2026 253    0.2668565     1.935249     209.413089
2026 254    0.2986616     2.142618     213.035625
2026 255    0.3280975     2.305065     215.983750
2026 256    0.3555004     2.436875     218.461618
2026 257    0.3811254     2.546726     220.595467
2026 258    0.4051708     2.640222     222.468250
2026 259    0.4277950     2.721155     224.137113
2026 260    0.4491265     2.792196     225.642942
2026 261    0.4692712     2.855285     227.015915
2026 262    0.4883180     2.911870     228.278885
2026 263    0.5063422     2.963052     229.449544
2026 264    0.5234080     3.009692     230.541851
2026 265    0.5395711     3.052468     231.567000
2026 266    0.5548798     3.091925     232.534099
2026 267    0.5693764     3.128506     233.450657
2026 268    0.5830981     3.162575     234.322933
2026 269    0.5960779     3.194436     235.156199
2026 270    0.6083451     3.224342     235.954942
2026 271    0.6199259     3.252508     236.723010
2026 272    0.6308436     3.279117     237.463734
2026 273    0.6411192     3.304328     238.180014
2026 274    0.6507716     3.328274     238.874400
2026 275    0.6598178     3.351075     239.549144
2026 276    0.6682730     3.372833     240.206252
2026 277    0.6761510     3.393639     240.847517
2026 278    0.6834642     3.413573     241.474559
2026 279    0.6902238     3.432705     242.088844
2026 280    0.6964397     3.451098     242.691710
2026 281    0.7021211     3.468807     243.284385
2026 282    0.7072759     3.485884     243.868003
2026 283    0.7119111     3.502373     244.443617
2026 284    0.7160332     3.518313     245.012212
2026 285    0.7196477     3.533742     245.574715
2026 286    0.7227591     3.548693     246.132002
2026 287    0.7253716     3.563195     246.684910
2026 288    0.7274886     3.577275     247.234241
2026 289    0.7291126     3.590957     247.780770
2026 290    0.7302459     3.604264     248.325253
2026 291    0.7308897     3.617214     248.868427
2026 292    0.7310448     3.629827     249.411023
2026 293    0.7307116     3.642118     249.953767
2026 294    0.7298895     3.654102     250.497384
2026 295    0.7285776     3.665792     251.042607
2026 296    0.7267741     3.677198     251.590181
2026 297    0.7244769     3.688331     252.140868
2026 298    0.7216829     3.699200     252.695453
2026 299    0.7183886     3.709810     253.254751
2026 300    0.7145898     3.720168     253.819612
2026 301    0.7102813     3.730277     254.390934
2026 302    0.7054574     3.740140     254.969663
2026 303    0.7001116     3.749758     255.556810
2026 304    0.6942363     3.759129     256.153458
2026 305    0.6878233     3.768249     256.760777
2026 306    0.6808631     3.777115     257.380034
2026 307    0.6733454     3.785716     258.012617
2026 308    0.6652585     3.794043     258.660047
2026 309    0.6565896     3.802080     259.324008
2026 310    0.6473243     3.809810     260.006373
2026 311    0.6374468     3.817209     260.709237
2026 312    0.6269394     3.824247     261.434961
2026 313    0.6157825     3.830888     262.186223
2026 314    0.6039544     3.837087     262.966080
2026 315    0.5914306     3.842789     263.778049
2026 316    0.5781840     3.847922     264.626209
2026 317    0.5641839     3.852401     265.515327
2026 318    0.5493959     3.856116     266.451028
2026 319    0.5337810     3.858928     267.440012
2026 320    0.5172947     3.860659     268.490349
2026 321    0.4998865     3.861080     269.611876
2026 322    0.4814975     3.859888     270.816748
2026 323    0.4620599     3.856683     272.120193
2026 324    0.4414937     3.850919     273.541659
2026 325    0.4197044     3.841842     275.106452
2026 326    0.3965784     3.828378     276.848286
2026 327    0.3719774     3.808954     278.813334
2026 328    0.3457299     3.781180     281.066960
2026 329    0.3176192     3.741249     283.705573
2026 330    0.2873640     3.682752     286.878886
2026 331    0.2545894     3.594049     290.835531
2026 332    0.2187782     3.451766     296.027752
2026 333    0.1791956     3.201700     303.392800
2026 334    0.1348180     2.687211     315.309922
2026 335    0.0849672     1.258766     340.370833
2026 336    0.0458863    -3.517622      64.987702
2026 337    0.0817304    -1.545223     155.811908
2026 338    0.1318494     0.206747     182.435671
2026 339    0.1765659     1.026669     194.769065
2026 340    0.2164161     1.506369     202.302833
2026 341    0.2524395     1.827297     207.580602
2026 342    0.2853875     2.060640     211.586874
2026 343    0.3157884     2.240063     214.791661
2026 344    0.3440246     2.383654     217.451540
2026 345    0.3703819     2.502063     219.720227
2026 346    0.3950808     2.601998     221.696336
2026 347    0.4182949     2.687919     223.446533
2026 348    0.4401645     2.762914     225.017799
2026 349    0.4608044     2.829200     226.444373
2026 350    0.4803103     2.888412     227.751915
2026 351    0.4987630     2.941786     228.960115
2026 352    0.5162310     2.990275     230.084384
2026 353    0.5327735     3.034629     231.137003
2026 354    0.5484417     3.075445     232.127901
2026 355    0.5632804     3.113206     233.065219
2026 356    0.5773289     3.148309     233.955715
2026 357    0.5906219     3.181080     234.805056
2026 358    0.6031902     3.211793     235.618041
2026 359    0.6150612     3.240678     236.398777
2026 360    0.6262596     3.267933     237.150802
2026 361    0.6368071     3.293723     237.877192
2026 362    0.6467237     3.318195     238.580637
2026 363    0.6560269     3.341472     239.263511
2026 364    0.6647329     3.363664     239.927919
2026 365    0.6728559     3.384867     240.575741
2027   1    0.6804090     3.405164     241.208668
2027   2    0.6874039     3.424631     241.828228
2027   3    0.6938510     3.443332     242.435812
2027   4    0.6997598     3.461328     243.032692
2027   5    0.7051387     3.478669     243.620042
2027   6    0.7099952     3.495404     244.198946
2027   7    0.7143359     3.511574     244.770418
2027   8    0.7181667     3.527218     245.335408
2027   9    0.7214926     3.542369     245.894814
2027  10    0.7243179     3.557060     246.449487
2027  11    0.7266464     3.571317     247.000244
2027  12    0.7284808     3.585166     247.547871
2027  13    0.7298237     3.598631     248.093131
2027  14    0.7306765     3.611732     248.636768
2027  15    0.7310405     3.624487     249.179516
2027  16    0.7309161     3.636914     249.722101
2027  17    0.7303031     3.649027     250.265249
2027  18    0.7292008     3.660841     250.809688
2027  19    0.7276077     3.672368     251.356159
2027  20    0.7255219     3.683617     251.905413
2027  21    0.7229407     3.694597     252.458227
2027  22    0.7198608     3.705318     253.015401
2027  23    0.7162783     3.715783     253.577771
2027  24    0.7121884     3.725998     254.146211
2027  25    0.7075856     3.735967     254.721646
2027  26    0.7024639     3.745690     255.305059
2027  27    0.6968160     3.755166     255.897500
2027  28    0.6906340     3.764395     256.500100
2027  29    0.6839090     3.773370     257.114083
2027  30    0.6766311     3.782086     257.740783
2027  31    0.6687892     3.790532     258.381661
2027  32    0.6603708     3.798696     259.038329
2027  33    0.6513624     3.806560     259.712574
2027  34    0.6417488     3.814103     260.406392
2027  35    0.6315131     3.821300     261.122024
2027  36    0.6206365     3.828116     261.862007
2027  37    0.6090983     3.834511     262.629226
2027  38    0.5968753     3.840433     263.426990
2027  39    0.5839413     3.845820     264.259124
2027  40    0.5702675     3.850591     265.130083
2027  41    0.5558210     3.854649     266.045101
2027  42    0.5405649     3.857866     267.010387
2027  43    0.5244572     3.860085     268.033384
2027  44    0.5074500     3.861099     269.123116
2027  45    0.4894882     3.860640     270.290669
2027  46    0.4705082     3.858354     271.549836
2027  47    0.4504354     3.853763     272.918101
2027  48    0.4291820     3.846214     274.418012
2027  49    0.4066431     3.834786     276.079298
2027  50    0.3826919     3.818148     277.942171
2027  51    0.3571723     3.794311     280.062709
2027  52    0.3298887     3.760177     282.522101
2027  53    0.3005904     3.710656     285.443480
2027  54    0.2689472     3.636826     289.025087
2027  55    0.2345101     3.521592     293.612467
2027  56    0.1966486     3.327931     299.878580
2027  57    0.1544639     2.959701     309.370639
2027  58    0.1068810     2.082669     326.768881
2027  59    0.0569694    -1.038667      14.954443
2027  60    0.0605438    -2.903551     130.651276
2027  61    0.1109849    -0.361576     174.006485
2027  62    0.1581016     0.736207     190.347462
2027  63    0.1998918     1.327170     199.447750
2027  64    0.2374438     1.703609     205.519123
2027  65    0.2716318     1.968882     209.992396
2027  66    0.3030684     2.168520     213.499857
2027  67    0.3321909     2.325815     216.369530
2027  68    0.3593217     2.453997     218.790979
2027  69    0.3847064     2.561185     220.882582
2027  70    0.4085367     2.652658     222.722717
2027  71    0.4309661     2.732014     224.365705
2027  72    0.4521193     2.801797     225.850601
2027  73    0.4720996     2.863865     227.206347
2027  74    0.4909938     2.919605     228.454934
2027  75    0.5088752     2.970082     229.613439
2027  76    0.5258068     3.016124     230.695367
2027  77    0.5418432     3.058389     231.711575
2027  78    0.5570316     3.097404     232.670910
2027  79    0.5714136     3.133601     233.580682
2027  80    0.5850257     3.167333     234.446991
2027  81    0.5979004     3.198897     235.274987
2027  82    0.6100665     3.228538     236.069053
2027  83    0.6215498     3.256469     236.832956
2027  84    0.6323731     3.282867     237.569960
2027  85    0.6425572     3.307887     238.282910
2027  86    0.6521207     3.331661     238.974310
2027  87    0.6610803     3.354305     239.646373
2027  88    0.6694509     3.375920     240.301071
2027  89    0.6772462     3.396596     240.940172
2027  90    0.6844785     3.416410     241.565271
2027  91    0.6911586     3.435431     242.177814
2027  92    0.6972965     3.453722     242.779122
2027  93    0.7029010     3.471337     243.370409
2027  94    0.7079800     3.488327     243.952796
2027  95    0.7125405     3.504734     244.527325
2027  96    0.7165886     3.520599     245.094974
2027  97    0.7201298     3.535957     245.656659
2027  98    0.7231686     3.550841     246.213252
2027  99    0.7257090     3.565281     246.765584
2027 100    0.7277543     3.579302     247.314452
2027 101    0.7293071     3.592929     247.860629
2027 102    0.7303692     3.606183     248.404867
2027 103    0.7309421     3.619084     248.947902
2027 104    0.7310264     3.631650     249.490463
2027 105    0.7306222     3.643896     250.033276
2027 106    0.7297291     3.655837     250.577067
2027 107    0.7283460     3.667485     251.122571
2027 108    0.7264710     3.678851     251.670534
2027 109    0.7241018     3.689946     252.221720
2027 110    0.7212355     3.700777     252.776918
2027 111    0.7178682     3.711351     253.336948
2027 112    0.7139956     3.721673     253.902667
2027 113    0.7096127     3.731747     254.474975
2027 114    0.7047134     3.741575     255.054830
2027 115    0.6992912     3.751157     255.643250
2027 116    0.6933384     3.760492     256.241329
2027 117    0.6868466     3.769576     256.850248
2027 118    0.6798062     3.778404     257.471291
2027 119    0.6722067     3.786966     258.105860
2027 120    0.6640363     3.795252     258.755501
2027 121    0.6552820     3.803247     259.421924
2027 122    0.6459293     3.810930     260.107033
2027 123    0.6359619     3.818279     260.812962
2027 124    0.6253620     3.825263     261.542114
2027 125    0.6141097     3.831844     262.297218
2027 126    0.6021827     3.837975     263.081393
2027 127    0.5895564     3.843600     263.898229
2027 128    0.5762029     3.848647     264.751895
2027 129    0.5620913     3.853024     265.647271
2027 130    0.5471864     3.856620     266.590121
2027 131    0.5314485     3.859290     267.587323
2027 132    0.5148323     3.860850     268.647174
2027 133    0.4972861     3.861061     269.779806
2027 134    0.4787499     3.859610     270.997764
2027 135    0.4591542     3.856077     272.316805
2027 136    0.4384173     3.849892     273.757103
2027 137    0.4164420     3.840263     275.344995
2027 138    0.3931116     3.826058     277.115698
2027 139    0.3682835     3.805609     279.117653
2027 140    0.3417806     3.776369     281.419814
2027 141    0.3133781     3.734250     284.124564
2027 142    0.2827835     3.672302     287.392274
2027 143    0.2496044     3.577741     291.492344
2027 144    0.2132974     3.424438     296.922682
2027 145    0.1730884     3.150206     304.740025
2027 146    0.1279183     2.567641     317.733999
2027 147    0.0774924     0.846800     346.722570
2027 148    0.0466077    -3.849166      84.849997
2027 149    0.0892229    -1.181493     161.579838
2027 150    0.1386879     0.361830     184.741588
2027 151    0.1826284     1.111652     196.081330
2027 152    0.2218665     1.561029     203.187174
2027 153    0.2574038     1.866050     208.236232
2027 154    0.2899537     2.089933     212.103314
2027 155    0.3200195     2.263225     215.215785
2027 156    0.3479670     2.402586     217.810586
2027 157    0.3740711     2.517936     220.031272
2027 158    0.3985444     2.615576     221.970716
2027 159    0.4215550     2.699724     223.692123
2027 160    0.4432391     2.773317     225.240267
2027 161    0.4637085     2.838471     226.647926
2027 162    0.4830564     2.896752     227.939755
2027 163    0.5013616     2.949351     229.134730
2027 164    0.5186912     2.997187     230.247743
2027 165    0.5351032     3.040983     231.290690
2027 166    0.5506477     3.081319     232.273209
2027 167    0.5653687     3.118663     233.203217
2027 168    0.5793048     3.153401     234.087294
2027 169    0.5924900     3.185850     234.930969
2027 170    0.6049547     3.216278     235.738932
2027 171    0.6167259     3.244909     236.515196
2027 172    0.6278276     3.271935     237.263229
2027 173    0.6382815     3.297520     237.986043
2027 174    0.6481071     3.321806     238.686280
2027 175    0.6573217     3.344914     239.366271
2027 176    0.6659413     3.366953     240.028086
2027 177    0.6739798     3.388015     240.673576
2027 178    0.6814501     3.408183     241.304404
2027 179    0.6883638     3.427531     241.922079
2027 180    0.6947311     3.446123     242.527971
2027 181    0.7005613     3.464016     243.123339
2027 182    0.7058627     3.481264     243.709342
2027 183    0.7106427     3.497911     244.287053
2027 184    0.7149078     3.513999     244.857476
2027 185    0.7186637     3.529567     245.421552
2027 186    0.7219153     3.544647     245.980173
2027 187    0.7246669     3.559270     246.534184
2027 188    0.7269220     3.573464     247.084397
2027 189    0.7286835     3.587253     247.631594
2027 190    0.7299535     3.600662     248.176535
2027 191    0.7307338     3.613709     248.719963
2027 192    0.7310253     3.626413     249.262610
2027 193    0.7308282     3.638792     249.805201
2027 194    0.7301425     3.650859     250.348463
2027 195    0.7289672     3.662629     250.893125
2027 196    0.7273009     3.674112     251.439930
2027 197    0.7251414     3.685320     251.989633
2027 198    0.7224861     3.696261     252.543012
2027 199    0.7193314     3.706942     253.100873
2027 200    0.7156734     3.717369     253.664057
2027 201    0.7115072     3.727547     254.233446
2027 202    0.7068272     3.737478     254.809973
2027 203    0.7016271     3.747164     255.394630
2027 204    0.6958998     3.756604     255.988479
2027 205    0.6896370     3.765794     256.592663
2027 206    0.6828297     3.774731     257.208422
2027 207    0.6754678     3.783407     257.837108
2027 208    0.6675401     3.791812     258.480203
2027 209    0.6590340     3.799932     259.139343
2027 210    0.6499356     3.807750     259.816346
2027 211    0.6402294     3.815244     260.513241
2027 212    0.6298984     3.822386     261.232311
2027 213    0.6189235     3.829143     261.976140
2027 214    0.6072836     3.835471     262.747672
2027 215    0.5949550     3.841318     263.550290
2027 216    0.5819113     3.846619     264.387904
2027 217    0.5681229     3.851292     265.265076
2027 218    0.5535565     3.855233     266.187173
2027 219    0.5381744     3.858314     267.160572
2027 220    0.5219338     3.860368     268.192931
2027 221    0.5047858     3.861182     269.293550
2027 222    0.4866741     3.860476     270.473876
2027 223    0.4675335     3.857881     271.748191
2027 224    0.4472877     3.852896     273.134640
2027 225    0.4258464     3.844834     274.656701
2027 226    0.4031019     3.832724     276.345438
2027 227    0.3789234     3.815155     278.243051
2027 228    0.3531495     3.790007     280.408698
2027 229    0.3255774     3.753952     282.928575
2027 230    0.2959462     3.701476     285.934473
2027 231    0.2639104     3.622795     289.640836
2027 232    0.2289983     3.498863     294.426885
2027 233    0.1905439     3.287475     301.046737
2027 234    0.1476022     2.875059     311.291927
2027 235    0.0991592     1.842780     330.903955
2027 236    0.0512215    -1.973339      30.071115
2027 237    0.0677536    -2.376832     141.422617
2027 238    0.1185298    -0.135653     177.363636
2027 239    0.1647828     0.848427     192.048670
2027 240    0.2058608     1.395294     200.528729
2027 241    0.2428528     1.750197     206.293202
2027 242    0.2765882     2.003252     210.588464
2027 243    0.3076479     2.195227     213.981645
2027 244    0.3364487     2.347361     216.772629
2027 245    0.3632993     2.471881     219.137051
2027 246    0.3884359     2.576360     221.185690
2027 247    0.4120437     2.665765     222.992455
2027 248    0.4342710     2.743500     224.608882
2027 249    0.4552390     2.811986     226.072211
2027 250    0.4750483     2.872995     227.410149
2027 251    0.4937834     2.927859     228.643827
2027 252    0.5115158     2.977600     229.789700
2027 253    0.5283073     3.023017     230.860815
2027 254    0.5442110     3.064746     231.867686
2027 255    0.5592734     3.103298     232.818899
2027 256    0.5735353     3.139090     233.721557
2027 257    0.5870324     3.172467     234.581602
2027 258    0.5997967     3.203716     235.404053
2027 259    0.6118565     3.233078     236.193192
2027 260    0.6232370     3.260758     236.952701
2027 261    0.6339609     3.286932     237.685775
2027 262    0.6440484     3.311748     238.395203
2027 263    0.6535180     3.335338     239.083439
2027 264    0.6623860     3.357815     239.752657
2027 265    0.6706672     3.379278     240.404797
2027 266    0.6783750     3.399813     241.041597
2027 267    0.6855215     3.419498     241.664627
2027 268    0.6921173     3.438401     242.275314
2027 269    0.6981723     3.456582     242.874961
2027 270    0.7036952     3.474096     243.464766
2027 271    0.7086936     3.490991     244.045838
2027 272    0.7131744     3.507310     244.619208
2027 273    0.7171438     3.523093     245.185843
2027 274    0.7206069     3.538375     245.746654
2027 275    0.7235682     3.553187     246.302505
2027 276    0.7260317     3.567559     246.854220
2027 277    0.7280004     3.581516     247.402595
2027 278    0.7294768     3.595083     247.948396
2027 279    0.7304629     3.608280     248.492374
2027 280    0.7309598     3.621127     249.035265
2027 281    0.7309681     3.633642     249.577796
2027 282    0.7304879     3.645839     250.120692
2027 283    0.7295186     3.657733     250.664681
2027 284    0.7280589     3.669336     251.210500
2027 285    0.7261070     3.680659     251.758897
2027 286    0.7236605     3.691712     252.310640
2027 287    0.7207162     3.702502     252.866524
2027 288    0.7172703     3.713036     253.427373
2027 289    0.7133183     3.723319     253.994051
2027 290    0.7088550     3.733355     254.567469
2027 291    0.7038744     3.743144     255.148592
2027 292    0.6983696     3.752688     255.738452
2027 293    0.6923329     3.761985     256.338157
2027 294    0.6857557     3.771030     256.948903
2027 295    0.6786282     3.779817     257.571994
2027 296    0.6709397     3.788338     258.208855
2027 297    0.6626783     3.796580     258.861053
2027 298    0.6538306     3.804528     259.530327
2027 299    0.6443819     3.812162     260.218612
2027 300    0.6343157     3.819456     260.928080
2027 301    0.6236139     3.826380     261.661182
2027 302    0.6122561     3.832895     262.420703
2027 303    0.6002200     3.838952     263.209830
2027 304    0.5874802     3.844492     264.032239
2027 305    0.5740086     3.849440     264.892202
2027 306    0.5597735     3.853703     265.794726
2027 307    0.5447391     3.857164     266.745736
2027 308    0.5288648     3.859673     267.752312
2027 309    0.5121046     3.861038     268.823013
2027 310    0.4944052     3.861010     269.968310
2027 311    0.4757056     3.859261     271.201199
2027 312    0.4559344     3.855352     272.538047
2027 313    0.4350075     3.848682     273.999872
2027 314    0.4128252     3.838415     275.614209
2027 315    0.3892670     3.823348     277.418032
2027 316    0.3641855     3.801705     279.462455
2027 317    0.3373971     3.770746     281.820680
2027 318    0.3086677     3.726046     284.602234
2027 319    0.2776914     3.659988     287.980374
2027 320    0.2440562     3.558366     292.250006
2027 321    0.2071878     3.391538     297.966355
2027 322    0.1662669     3.086767     306.341186
2027 323    0.1202080     2.413724     320.726429
2027 324    0.0694461     0.277349     355.262254
2027 325    0.0501510    -3.723234     104.760406
2027 326    0.0974074    -0.837565     166.865357
2027 327    0.1460381     0.513731     187.009411
2027 328    0.1891534     1.197181     197.411875
2027 329    0.2277438     1.616867     204.097469
2027 330    0.2627647     1.905982     208.916736
2027 331    0.2948902     2.120275     212.641956
2027 332    0.3245974     2.287292     215.659424
2027 333    0.3522352     2.422296     218.186800
2027 334    0.3780671     2.534479     220.357505
2027 335    0.4022974     2.629736     222.258632
2027 336    0.4250886     2.712038     223.949866
2027 337    0.4465726     2.784168     225.473730
2027 338    0.4668578     2.848138     226.861498
2027 339    0.4860349     2.905448     228.136783
2027 340    0.5041807     2.957236     229.317822
2027 341    0.5213608     3.004387     230.418971
2027 342    0.5376316     3.047600     231.451721
2027 343    0.5530424     3.087433     232.425406
2027 344    0.5676361     3.124341     233.347708
2027 345    0.5814506     3.158697     234.225023
2027 346    0.5945194     3.190810     235.062734
2027 347    0.6068721     3.220940     235.865412
2027 348    0.6185352     3.249306     236.636978
2027 349    0.6295326     3.276095     237.380820
2027 350    0.6398853     3.301466     238.099887
2027 351    0.6496126     3.325558     238.796767
2027 352    0.6587316     3.348492     239.473747
2027 353    0.6672579     3.370370     240.132858
2027 354    0.6752053     3.391287     240.775921
2027 355    0.6825864     3.411321     241.404573
2027 356    0.6894125     3.430546     242.020298
2027 357    0.6956938     3.449025     242.624449
2027 358    0.7014395     3.466814     243.218265
2027 359    0.7066575     3.483964     243.802892
2027 360    0.7113552     3.500521     244.379392
2027 361    0.7155390     3.516526     244.948758
2027 362    0.7192144     3.532015     245.511923
2027 363    0.7223863     3.547021     246.069768
2027 364    0.7250588     3.561576     246.623136
2027 365    0.7272352     3.575705     247.172832
2028   1    0.7289185     3.589434     247.719635
2028   2    0.7301106     3.602784     248.264301
2028   3    0.7308132     3.615777     248.807571
2028   4    0.7310270     3.628430     249.350175
2028   5    0.7307523     3.640759     249.892840
2028   6    0.7299889     3.652779     250.436291
2028   7    0.7287357     3.664503     250.981261
2028   8    0.7269912     3.675944     251.528491
2028   9    0.7247531     3.687109     252.078742
2028  10    0.7220186     3.698009     252.632796
2028  11    0.7187843     3.708651     253.191464
2028  12    0.7150459     3.719039     253.755592
2028  13    0.7107984     3.729179     254.326070
2028  14    0.7060363     3.739072     254.903841
2028  15    0.7007530     3.748720     255.489905
2028  16    0.6949411     3.758121     256.085337
2028  17    0.6885925     3.767272     256.691296
2028  18    0.6816978     3.776169     257.309037
2028  19    0.6742469     3.784804     257.939932
2028  20    0.6662281     3.793165     258.585486
2028  21    0.6576289     3.801239     259.247361
2028  22    0.6484350     3.809007     259.927407
2028  23    0.6386309     3.816448     260.627691
2028  24    0.6281990     3.823532     261.350540
2028  25    0.6171200     3.830224     262.098591
2028  26    0.6053723     3.836480     262.874853
2028  27    0.5929320     3.842246     263.682784
2028  28    0.5797722     3.847453     264.526391
2028  29    0.5658626     3.852017     265.410350
2028  30    0.5511693     3.855832     266.340177
2028  31    0.5356540     3.858762     267.322430
2028  32    0.5192728     3.860634     268.365002
2028  33    0.5019758     3.861227     269.477494
2028  34    0.4837055     3.860249     270.671755
2028  35    0.4643949     3.857310     271.962599
2028  36    0.4439658     3.851888     273.368907
2028  37    0.4223255     3.843256     274.915184
2028  38    0.3993629     3.830385     276.633984
2028  39    0.3749430     3.811776     278.569732
2028  40    0.3488986     3.785156     280.785056
2028  41    0.3210191     3.746934     283.371839
2028  42    0.2910322     3.691101     286.471813
2028  43    0.2585758     3.606857     290.318274
2028  44    0.2231526     3.472801     295.330389
2028  45    0.1840579     3.240290     302.361254
2028  46    0.1403000     2.773103     313.513891
2028  47    0.0910101     1.534583     335.989672
2028  48    0.0471566    -2.953398      49.229875
2028  49    0.0757215    -1.874799     150.364463
2028  50    0.1262511     0.070512     180.420569
2028  51    0.1716125     0.954452     193.666213
2028  52    0.2119739     1.460910     201.577122
2028  53    0.2484013     1.795558     207.051713
2028  54    0.2816784     2.036932     211.175896
2028  55    0.3123553     2.221500     214.458004
2028  56    0.3408283     2.368608     217.171914
2028  57    0.3673928     2.489541     219.480176
2028  58    0.3922757     2.591358     221.486336
2028  59    0.4156553     2.678725     223.260011
2028  60    0.4376754     2.754859     224.850047
2028  61    0.4584535     2.822061     226.291912
2028  62    0.4780872     2.882022     227.612112
2028  63    0.4966588     2.936017     228.830928
2028  64    0.5142382     2.985029     229.964203
2028  65    0.5308856     3.029827     231.024536
2028  66    0.5466530     3.071025     232.022098
2028  67    0.5615860     3.109117     232.965214
2028  68    0.5757244     3.144508     233.860785
2028  69    0.5891034     3.177533     234.714593
2028  70    0.6017542     3.208470     235.531529
2028  71    0.6137048     3.237556     236.315772
2028  72    0.6249798     3.264989     237.070920
2028  73    0.6356016     3.290940     237.800098
2028  74    0.6455902     3.315556     238.506039
2028  75    0.6549634     3.338965     239.191149
2028  76    0.6637375     3.361277     239.857563
2028  77    0.6719271     3.382589     240.507184
2028  78    0.6795453     3.402986     241.141725
2028  79    0.6866039     3.422545     241.762730
2028  80    0.6931135     3.441331     242.371605
2028  81    0.6990838     3.459404     242.969636
2028  82    0.7045231     3.476818     243.558006
2028  83    0.7094392     3.493621     244.137810
2028  84    0.7138388     3.509854     244.710070
2028  85    0.7177277     3.525556     245.275741
2028  86    0.7211112     3.540763     245.835728
2028  87    0.7239936     3.555504     246.390886
2028  88    0.7263786     3.569810     246.942038
2028  89    0.7282694     3.583705     247.489970
2028  90    0.7296682     3.597213     248.035450
2028  91    0.7305769     3.610354     248.579223
2028  92    0.7309965     3.623149     249.122023
2028  93    0.7309277     3.635613     249.664579
2028  94    0.7303703     3.647762     250.207614
2028  95    0.7293236     3.659610     250.751859
2028  96    0.7277863     3.671169     251.298050
2028  97    0.7257565     3.682449     251.846939
2028  98    0.7232316     3.693461     252.399298
2028  99    0.7202084     3.704211     252.955926
2028 100    0.7166830     3.714706     253.517653
2028 101    0.7126507     3.724950     254.085349
2028 102    0.7081061     3.734947     254.659933
2028 103    0.7030433     3.744699     255.242382
2028 104    0.6974551     3.754204     255.833736
2028 105    0.6913337     3.763462     256.435118
2028 106    0.6846704     3.772467     257.047741
2028 107    0.6774552     3.781214     257.672924
2028 108    0.6696772     3.789692     258.312114
2028 109    0.6613243     3.797889     258.966905
2028 110    0.6523828     3.805789     259.639063
2028 111    0.6428379     3.813372     260.330559
2028 112    0.6326728     3.820610     261.043605
2028 113    0.6218690     3.827472     261.780701
2028 114    0.6104059     3.833919     262.544690
2028 115    0.5982607     3.839899     263.338831
2028 116    0.5854076     3.845351     264.166885
2028 117    0.5718179     3.850198     265.033231
2028 118    0.5574593     3.854343     265.943006
2028 119    0.5422955     3.857664     266.902300
2028 120    0.5262849     3.860007     267.918404
2028 121    0.5093805     3.861170     269.000144
2028 122    0.4915280     3.860895     270.158348
2028 123    0.4726647     3.858837     271.406466
2028 124    0.4527175     3.854537     272.761513
2028 125    0.4316001     3.847362     274.245386
2028 126    0.4092098     3.836428     275.886880
2028 127    0.3854224     3.820461     277.724824
2028 128    0.3600856     3.797561     279.813169
2028 129    0.3330088     3.764786     282.229669
2028 130    0.3039483     3.717335     285.091580
2028 131    0.2725844     3.646859     288.586280
2028 132    0.2384837     3.537536     293.037106
2028 133    0.2010397     3.355647     299.064766
2028 134    0.1593868     3.015718     308.064839
2028 135    0.1124339     2.232294     324.098660
2028 136    0.0618670    -0.436644       5.859984
2028 137    0.0557671    -3.283856     121.153151
2028 138    0.1054187    -0.544160     171.287091
2028 139    0.1531685     0.649002     189.038446
2028 140    0.1954959     1.275559     198.639441
2028 141    0.2334690     1.668917     204.951393
2028 142    0.2679955     1.943616     209.561654
2028 143    0.2997126     2.149089     213.155932
2028 144    0.3290735     2.310274     216.084812
2028 145    0.3564114     2.441197     218.548843
2028 146    0.3819789     2.550397     220.672326
2028 147    0.4059728     2.643397     222.537092
2028 148    0.4285503     2.723945     224.199594
2028 149    0.4498389     2.794678     225.700272
2028 150    0.4699441     2.857518     227.068998
2028 151    0.4889542     2.913895     228.328416
2028 152    0.5069439     2.964905     229.496068
2028 153    0.5239773     3.011399     230.585803
2028 154    0.5401097     3.054049     231.608732
2028 155    0.5553892     3.093398     232.573899
2028 156    0.5698579     3.129884     233.488765
2028 157    0.5835529     3.163871     234.359549
2028 158    0.5965071     3.195658     235.191494
2028 159    0.6087495     3.225499     235.989062
2028 160    0.6203064     3.253608     236.756082
2028 161    0.6312009     3.280165     237.495866
2028 162    0.6414540     3.305329     238.211303
2028 163    0.6510845     3.329233     238.904931
2028 164    0.6601092     3.351995     239.578993
2028 165    0.6685434     3.373718     240.235485
2028 166    0.6764008     3.394492     240.876196
2028 167    0.6836938     3.414397     241.502738
2028 168    0.6904335     3.433501     242.116573
2028 169    0.6966299     3.451869     242.719036
2028 170    0.7022919     3.469556     243.311350
2028 171    0.7074276     3.486611     243.894646
2028 172    0.7120440     3.503080     244.469975
2028 173    0.7161474     3.519002     245.038320
2028 174    0.7197431     3.534414     245.600605
2028 175    0.7228361     3.549349     246.157706
2028 176    0.7254302     3.563835     246.710458
2028 177    0.7275288     3.577901     247.259662
2028 178    0.7291346     3.591570     247.806092
2028 179    0.7302495     3.604864     248.350503
2028 180    0.7308750     3.617803     248.893633
2028 181    0.7310118     3.630404     249.436212
2028 182    0.7306601     3.642685     249.978965
2028 183    0.7298196     3.654658     250.522619
2028 184    0.7284891     3.666338     251.067907
2028 185    0.7266669     3.677735     251.615574
2028 186    0.7243508     3.688860     252.166383
2028 187    0.7215378     3.699719     252.721120
2028 188    0.7182242     3.710321     253.280601
2028 189    0.7144059     3.720671     253.845680
2028 190    0.7100777     3.730772     254.417252
2028 191    0.7052338     3.740628     254.996270
2028 192    0.6998676     3.750237     255.583745
2028 193    0.6939716     3.759600     256.180765
2028 194    0.6875374     3.768713     256.788500
2028 195    0.6805557     3.777569     257.408226
2028 196    0.6730160     3.786162     258.041332
2028 197    0.6649065     3.794480     258.689346
2028 198    0.6562144     3.802508     259.353959
2028 199    0.6469253     3.810227     260.037052
2028 200    0.6370233     3.817614     260.740729
2028 201    0.6264906     3.824640     261.467363
2028 202    0.6153076     3.831267     262.219646
2028 203    0.6034523     3.837451     263.000650
2028 204    0.5909003     3.843134     263.813915
2028 205    0.5776242     3.848247     264.663542
2028 206    0.5635934     3.852701     265.554331
2028 207    0.5487731     3.856387     266.491944
2028 208    0.5331241     3.859164     267.483131
2028 209    0.5166019     3.860852     268.536025
2028 210    0.4991554     3.861220     269.660541
2028 211    0.4807255     3.859962     270.868943
2028 212    0.4612439     3.856673     272.176603
2028 213    0.4406302     3.850801     273.603169
2028 214    0.4187890     3.841580     275.174228
2028 215    0.3956060     3.827922     276.923905
2028 216    0.3709415     3.808228     278.898991
2028 217    0.3446226     3.780065     281.165831
2028 218    0.3164302     3.739552     283.822458
2028 219    0.2860800     3.680133     287.021477
2028 220    0.2531922     3.589865     291.017130
2028 221    0.2172422     3.444638     296.273919
2028 222    0.1774840     3.188148     303.760857
2028 223    0.1328831     2.655780     315.964437
2028 224    0.0828478     1.152117     342.041835
2028 225    0.0458175    -3.657498      70.654285
2028 226    0.0838469    -1.436528     157.566020
2028 227    0.1337992     0.252883     183.126728
2028 228    0.1782955     1.051853     195.162352
2028 229    0.2179710     1.522572     202.569374
2028 230    0.2538556     1.838814     207.779786
2028 231    0.2866899     2.069377     211.745180
2028 232    0.3169951     2.247002     214.922888
2028 233    0.3451488     2.389353     217.563684
2028 234    0.3714337     2.506865     219.818291
2028 235    0.3960680     2.606127     221.783637
2028 236    0.4192238     2.691528     223.525374
2028 237    0.4410401     2.766112     225.089838
2028 238    0.4616310     2.832065     226.510839
2028 239    0.4810915     2.891004     227.813746
2028 240    0.4995016     2.944150     229.018037
2028 241    0.5169296     2.992447     230.138975
2028 242    0.5334343     3.036636     231.188726
2028 243    0.5490667     3.077311     232.177135
2028 244    0.5638712     3.114949     233.112279
2028 245    0.5778869     3.149944     234.000862
2028 246    0.5911485     3.182620     234.848511
2028 247    0.6036865     3.213249     235.659994
2028 248    0.6155283     3.242060     236.439390
2028 249    0.6266983     3.269247     237.190217
2028 250    0.6372183     3.294977     237.915531
2028 251    0.6471080     3.319393     238.618010
2028 252    0.6563850     3.342621     239.300014
2028 253    0.6650653     3.364768     239.963638
2028 254    0.6731633     3.385929     240.610754
2028 255    0.6806917     3.406189     241.243044
2028 256    0.6876624     3.425621     241.862032
2028 257    0.6940856     3.444290     242.469101
2028 258    0.6999708     3.462256     243.065520
2028 259    0.7053264     3.479570     243.652459
2028 260    0.7101598     3.496279     244.230998
2028 261    0.7144777     3.512426     244.802149
2028 262    0.7182857     3.528047     245.366859
2028 263    0.7215891     3.543178     245.926024
2028 264    0.7243919     3.557849     246.480494
2028 265    0.7266980     3.572088     247.031084
2028 266    0.7285101     3.585921     247.578579
2028 267    0.7298306     3.599369     248.123741
2028 268    0.7306611     3.612455     248.667314
2028 269    0.7310027     3.625196     249.210031
2028 270    0.7308559     3.637609     249.752619
2028 271    0.7302203     3.649710     250.295804
2028 272    0.7290953     3.661512     250.840314
2028 273    0.7274794     3.673026     251.386890
2028 274    0.7253706     3.684264     251.936287
2028 275    0.7227662     3.695234     252.489279
2028 276    0.7196628     3.705943     253.046670
2028 277    0.7160566     3.716398     253.609298
2028 278    0.7119426     3.726604     254.178038
2028 279    0.7073154     3.736562     254.753819
2028 280    0.7021689     3.746275     255.337627
2028 281    0.6964957     3.755742     255.930515
2028 282    0.6902881     3.764961     256.533619
2028 283    0.6835369     3.773926     257.148168
2028 284    0.6762321     3.782631     257.775500
2028 285    0.6683627     3.791066     258.417086
2028 286    0.6599162     3.799218     259.074543
2028 287    0.6508789     3.807069     259.749670
2028 288    0.6412355     3.814600     260.444473
2028 289    0.6309690     3.821781     261.161208
2028 290    0.6200607     3.828581     261.902425
2028 291    0.6084895     3.834957     262.671029
2028 292    0.5962322     3.840858     263.470354
2028 293    0.5832626     3.846220     264.304252
2028 294    0.5695515     3.850963     265.177213
2028 295    0.5550659     3.854986     266.094514
2028 296    0.5397687     3.858163     267.062420
2028 297    0.5236175     3.860332     268.088442
2028 298    0.5065642     3.861285     269.181695
2028 299    0.4885533     3.860751     270.353382
2028 300    0.4695206     3.858370     271.617455
2028 301    0.4493910     3.853657     272.991612
2028 302    0.4280758     3.845948     274.498705
2028 303    0.4054692     3.834305     276.168894
2028 304    0.3814431     3.817374     278.043035
2028 305    0.3558397     3.793122     280.178203
2028 306    0.3284610     3.758377     282.657200
2028 307    0.2990530     3.707916     285.605944
2028 308    0.2672803     3.632541     289.227868
2028 309    0.2326867     3.514542     293.879242
2028 310    0.1946298     3.315270     300.258658
2028 311    0.1521953     2.933193     309.989440
2028 312    0.1043218     2.008486     328.074557
2028 313    0.0548977    -1.338161      19.627444
2028 314    0.0628750    -2.725319     134.527706
2028 315    0.1135139    -0.282674     175.186858
2028 316    0.1603438     0.775040     190.940707
2028 317    0.2018943     1.350647     199.824779
2028 318    0.2392578     1.719646     205.790083
2028 319    0.2732934     1.980720     210.202128
2028 320    0.3046033     2.177733     213.670392
2028 321    0.3336175     2.333264     216.513122
2028 322    0.3606540     2.460197     218.915064
2028 323    0.3859552     2.566461     220.991977
2028 324    0.4097105     2.657230     222.820705
2028 325    0.4320717     2.736035     224.454614
2028 326    0.4531625     2.805377     225.932136
2028 327    0.4730850     2.867084     227.281791
2028 328    0.4919254     2.922527     228.525276
2028 329    0.5097564     2.972754     229.679457
2028 330    0.5266405     3.018585     230.757682
2028 331    0.5426319     3.060667     231.770689
2028 332    0.5577775     3.099526     232.727239
2028 333    0.5721186     3.135585     233.634570
2028 334    0.5856915     3.169197     234.498729
2028 335    0.5985286     3.200654     235.324820
2028 336    0.6106583     3.230201     236.117193
2028 337    0.6221064     3.258047     236.879585
2028 338    0.6328956     3.284369     237.615237
2028 339    0.6430466     3.309321     238.326975
2028 340    0.6525778     3.333033     239.017286
2028 341    0.6615058     3.355620     239.688369
2028 342    0.6698456     3.377184     240.342187
2028 343    0.6776106     3.397813     240.980495
2028 344    0.6848132     3.417583     241.604882
2028 345    0.6914641     3.436565     242.216786
2028 346    0.6975732     3.454819     242.817523
2028 347    0.7031492     3.472401     243.408302
2028 348    0.7082001     3.489358     243.990238
2028 349    0.7127328     3.505736     244.564371
2028 350    0.7167534     3.521574     245.131674
2028 351    0.7202672     3.536907     245.693062
2028 352    0.7232788     3.551767     246.249405
2028 353    0.7257922     3.566184     246.801531
2028 354    0.7278105     3.580185     247.350236
2028 355    0.7293363     3.593792     247.896293
2028 356    0.7303715     3.607027     248.440451
2028 357    0.7309175     3.619911     248.983448
2028 358    0.7309748     3.632460     249.526013
2028 359    0.7305436     3.644690     250.068870
2028 360    0.7296234     3.656615     250.612747
2028 361    0.7282130     3.668249     251.158379
2028 362    0.7263105     3.679602     251.706514
2028 363    0.7239137     3.690683     252.257917
2028 364    0.7210194     3.701501     252.813380
2028 365    0.7176240     3.712063     253.373725
2028 366    0.7137229     3.722372     253.939810
2029   1    0.7093110     3.732434     254.512543
2029   2    0.7043824     3.742250     255.092881
2029   3    0.6989304     3.751820     255.681851
2029   4    0.6929472     3.761143     256.280552
2029   5    0.6864244     3.770215     256.890171
2029   6    0.6793524     3.779030     257.512000
2029   7    0.6717205     3.787580     258.147451
2029   8    0.6635169     3.795852     258.798077
2029   9    0.6547283     3.803832     259.465598
2029  10    0.6453403     3.811500     260.151929
2029  11    0.6353365     3.818831     260.859216
2029  12    0.6246989     3.825795     261.589880
2029  13    0.6134076     3.832354     262.346670
2029  14    0.6014402     3.838460     263.132731
2029  15    0.5887717     3.844056     263.951684
2029  16    0.5753744     3.849069     264.807738
2029  17    0.5612169     3.853407     265.705819
2029  18    0.5462638     3.856955     266.651752
2029  19    0.5304751     3.859567     267.652491
2029  20    0.5138053     3.861058     268.716428
2029  21    0.4962020     3.861183     269.853823
2029  22    0.4776049     3.859624     271.077388
2029  23    0.4579438     3.855955     272.403106
2029  24    0.4371361     3.849593     273.851465
2029  25    0.4150836     3.839731     275.449244
2029  26    0.3916682     3.825210     277.232307
2029  27    0.3667457     3.804323     279.250081
2029  28    0.3401365     3.774452     281.573080
2029  29    0.3116122     3.731386     284.306301
2029  30    0.2808756     3.667933     287.614813
2029  31    0.2475269     3.570796     291.777261
2029  32    0.2110116     3.412589     297.312164
2029  33    0.1705387     3.127393     305.331357
2029  34    0.1250375     2.512929     318.820403
2029  35    0.0744414     0.648781     349.720786
2029  36    0.0476360    -3.854957      92.671136
2029  37    0.0923056    -1.046470     163.677122
2029  38    0.1414661     0.420590     185.623012
2029  39    0.1850927     1.144377     196.594243
2029  40    0.2240841     1.582246     203.536988
2029  41    0.2594251     1.881153     208.497554
2029  42    0.2918138     2.101372     212.310291
2029  43    0.3217436     2.272277     215.386505
2029  44    0.3495737     2.409988     217.955650
2029  45    0.3755747     2.524143     220.157363
2029  46    0.3999559     2.620887     222.082292
2029  47    0.4228835     2.704343     223.792288
2029  48    0.4444918     2.777388     225.331266
2029  49    0.4648915     2.842100     226.731427
2029  50    0.4841748     2.900020     228.017029
2029  51    0.5024196     2.952318     229.206765
2029  52    0.5196927     2.999900     230.315325
2029  53    0.5360512     3.043481     231.354450
2029  54    0.5515452     3.083632     232.333663
2029  55    0.5662180     3.120816     233.260792
2029  56    0.5801081     3.155414     234.142348
2029  57    0.5932493     3.187741     234.983803
2029  58    0.6056716     3.218060     235.789804
2029  59    0.6174019     3.246595     236.564329
2029  60    0.6284641     3.273535     237.310814
2029  61    0.6388798     3.299044     238.032249
2029  62    0.6486682     3.323260     238.731256
2029  63    0.6578466     3.346306     239.410147
2029  64    0.6664309     3.368287     240.070979
2029  65    0.6744349     3.389298     240.715591
2029  66    0.6818714     3.409419     241.345637
2029  67    0.6887520     3.428723     241.962615
2029  68    0.6950867     3.447276     242.567890
2029  69    0.7008849     3.465133     243.162713
2029  70    0.7061547     3.482347     243.748237
2029  71    0.7109035     3.498962     244.325532
2029  72    0.7151378     3.515022     244.895598
2029  73    0.7188632     3.530563     245.459372
2029  74    0.7220845     3.545618     246.017743
2029  75    0.7248061     3.560217     246.571554
2029  76    0.7270314     3.574389     247.121615
2029  77    0.7287631     3.588159     247.668708
2029  78    0.7300036     3.601548     248.213590
2029  79    0.7307544     3.614577     248.757004
2029  80    0.7310163     3.627264     249.299680
2029  81    0.7307898     3.639626     249.842346
2029  82    0.7300745     3.651678     250.385727
2029  83    0.7288696     3.663433     250.930555
2029  84    0.7271736     3.674902     251.477569
2029  85    0.7249842     3.686096     252.027530
2029  86    0.7222988     3.697024     252.581215
2029  87    0.7191138     3.707692     253.139434
2029  88    0.7154252     3.718106     253.703028
2029  89    0.7112280     3.728272     254.272884
2029  90    0.7065168     3.738190     254.849938
2029  91    0.7012850     3.747864     255.435185
2029  92    0.6955254     3.757290     256.029692
2029  93    0.6892299     3.766468     256.634609
2029  94    0.6823894     3.775392     257.251181
2029  95    0.6749936     3.784053     257.880768
2029  96    0.6670311     3.792443     258.524861
2029  97    0.6584895     3.800547     259.185107
2029  98    0.6493547     3.808348     259.863334
2029  99    0.6396112     3.815823     260.561588
2029 100    0.6292417     3.822944     261.282168
2029 101    0.6182272     3.829678     262.027678
2029 102    0.6065462     3.835979     262.801088
2029 103    0.5941750     3.841797     263.605809
2029 104    0.5810870     3.847063     264.445788
2029 105    0.5672524     3.851695     265.325631
2029 106    0.5526376     3.855588     266.250763
2029 107    0.5372047     3.858612     267.227630
2029 108    0.5209106     3.860597     268.263978
2029 109    0.5037058     3.861327     269.369224
2029 110    0.4855337     3.860517     270.554967
2029 111    0.4663283     3.857790     271.835692
2029 112    0.4460127     3.852638     273.229824
2029 113    0.4244958     3.844358     274.761229
2029 114    0.4016683     3.831956     276.461536
2029 115    0.3773980     3.813990     278.373783
2029 116    0.3515213     3.788281     280.558436
2029 117    0.3238326     3.751401     283.103822
2029 118    0.2940665     3.697654     286.145447
2029 119    0.2618715     3.616876     289.904755
2029 120    0.2267663     3.489157     294.775703
2029 121    0.1880704     3.269947     301.548538
2029 122    0.1448210     2.837572     312.126687
2029 123    0.0960488     1.732115     332.761802
2029 124    0.0493957    -2.360919      37.030457
2029 125    0.0707688    -2.178447     145.075262
2029 126    0.1214995    -0.054335     178.574530
2029 127    0.1674074     0.889610     192.680158
2029 128    0.2082069     1.420524     200.935156
2029 129    0.2449799     1.767517     206.586199
2029 130    0.2785379     2.016046     210.814994
2029 131    0.3094496     2.205169     214.165251
2029 132    0.3381239     2.355379     216.926579
2029 133    0.3648642     2.478531     219.269471
2029 134    0.3899030     2.582000     221.301877
2029 135    0.4134229     2.670634     223.096035
2029 136    0.4355704     2.747767     224.702435
2029 137    0.4564654     2.815770     226.157631
2029 138    0.4762071     2.876387     227.488865
2029 139    0.4948793     2.930927     228.716940
2029 140    0.5125529     2.980398     229.858076
2029 141    0.5292890     3.025586     230.925148
2029 142    0.5451404     3.067119     231.928537
2029 143    0.5601531     3.105501     232.876729
2029 144    0.5743675     3.141146     233.776752
2029 145    0.5878193     3.174394     234.634483
2029 146    0.6005400     3.205530     235.454895
2029 147    0.6125578     3.234792     236.242229
2029 148    0.6238978     3.262382     237.000137
2029 149    0.6345825     3.288476     237.731786
2029 150    0.6446320     3.313220     238.439943
2029 151    0.6540646     3.336745     239.127045
2029 152    0.6628965     3.359163     239.795251
2029 153    0.6711426     3.380572     240.446486
2029 154    0.6788160     3.401058     241.082480
2029 155    0.6859286     3.420699     241.704792
2029 156    0.6924914     3.439560     242.314842
2029 157    0.6985138     3.457704     242.913925
2029 158    0.7040046     3.475183     243.503236
2029 159    0.7089714     3.492045     244.083876
2029 160    0.7134210     3.508334     244.656875
2029 161    0.7173594     3.524089     245.223193
2029 162    0.7207919     3.539345     245.783741
2029 163    0.7237229     3.554133     246.339378
2029 164    0.7261562     3.568482     246.890929
2029 165    0.7280949     3.582418     247.439186
2029 166    0.7295415     3.595965     247.984916
2029 167    0.7304978     3.609143     248.528866
2029 168    0.7309650     3.621972     249.071773
2029 169    0.7309437     3.634469     249.614365
2029 170    0.7304337     3.646650     250.157365
2029 171    0.7294346     3.658529     250.701504
2029 172    0.7279451     3.670117     251.247517
2029 173    0.7259632     3.681426     251.796155
2029 174    0.7234865     3.692465     252.348187
2029 175    0.7205119     3.703241     252.904409
2029 176    0.7170353     3.713762     253.465648
2029 177    0.7130524     3.724032     254.032770
2029 178    0.7085579     3.734054     254.606690
2029 179    0.7035456     3.743831     255.188377
2029 180    0.6980086     3.753362     255.778867
2029 181    0.6919393     3.762645     256.379273
2029 182    0.6853289     3.771676     256.990798
2029 183    0.6781677     3.780449     257.614752
2029 184    0.6704447     3.788955     258.252568
2029 185    0.6621480     3.797181     258.905824
2029 186    0.6532642     3.805111     259.576269
2029 187    0.6437784     3.812726     260.265854
2029 188    0.6336741     3.820000     260.976764
2029 189    0.6229330     3.826901     261.711471
2029 190    0.6115347     3.833390     262.472781
2029 191    0.5994565     3.839419     263.263910
2029 192    0.5866730     3.844925     264.088567
2029 193    0.5731559     3.849835     264.951064
2029 194    0.5588733     3.854053     265.856460
2029 195    0.5437890     3.857460     266.810742
2029 196    0.5278623     3.859905     267.821074
2029 197    0.5110465     3.861192     268.896116
2029 198    0.4932882     3.861069     270.046479
2029 199    0.4745255     3.859201     271.285326
2029 200    0.4546866     3.855140     272.629281
2029 201    0.4336864     3.848275     274.099697
2029 202    0.4114241     3.837750     275.724590
2029 203    0.3877778     3.822335     277.541641
2029 204    0.3625982     3.800207     279.603045
2029 205    0.3356991     3.768550     281.983732
2029 206    0.3068428     3.722796     284.796151
2029 207    0.2757180     3.655053     288.218875
2029 208    0.2419047     3.550511     292.557445
2029 209    0.2048166     3.378020     298.391375
2029 210    0.1636167     3.060199     306.999739
2029 211    0.1172147     2.347047     321.988706
2029 212    0.0664533     0.019710     359.087845
2029 213    0.0521267    -3.577518     111.514412
2029 214    0.1005185    -0.719610     168.655054
2029 215    0.1488103     0.567237     187.814625
2029 216    0.1916162     1.227840     197.894670
2029 217    0.2299644     1.637079     204.431818
2029 218    0.2647917     1.920521     209.168705
2029 219    0.2967575     2.131365     212.842607
2029 220    0.3263295     2.296113     215.825510
2029 221    0.3538503     2.429537     218.328259
2029 222    0.3795791     2.540569     220.480665
2029 223    0.4037173     2.634959     222.367741
2029 224    0.4264253     2.716589     224.047901
2029 225    0.4478333     2.788186     225.562851
2029 226    0.4680484     2.851725     226.943315
2029 227    0.4871605     2.908681     228.212529
2029 228    0.5052456     2.960175     229.388459
2029 229    0.5223686     3.007078     230.485261
2029 230    0.5385856     3.050079     231.514279
2029 231    0.5539454     3.089731     232.484736
2029 232    0.5684905     3.126481     233.404226
2029 233    0.5822585     3.160700     234.279078
2029 234    0.5952826     3.192692     235.114621
2029 235    0.6075925     3.222715     235.915383
2029 236    0.6192143     3.250986     236.685250
2029 237    0.6301716     3.277689     237.427580
2029 238    0.6404856     3.302984     238.145299
2029 239    0.6501752     3.327008     238.840977
2029 240    0.6592575     3.349879     239.516882
2029 241    0.6677479     3.371701     240.175034
2029 242    0.6756603     3.392566     240.817240
2029 243    0.6830071     3.412554     241.445128
2029 244    0.6897996     3.431736     242.060174
2029 245    0.6960479     3.450175     242.663723
2029 246    0.7017609     3.467928     243.257009
2029 247    0.7069469     3.485045     243.841172
2029 248    0.7116129     3.501571     244.417270
2029 249    0.7157654     3.517547     244.986292
2029 250    0.7194098     3.533009     245.549166
2029 251    0.7225509     3.547991     246.106775
2029 252    0.7251928     3.562522     246.659955
2029 253    0.7273389     3.576630     247.209512
2029 254    0.7289919     3.590339     247.756222
2029 255    0.7301539     3.603670     248.300841
2029 256    0.7308264     3.616645     248.844109
2029 257    0.7310102     3.629281     249.386757
2029 258    0.7307055     3.641594     249.929510
2029 259    0.7299119     3.653599     250.473094
2029 260    0.7286286     3.665309     251.018242
2029 261    0.7268537     3.676736     251.565697
2029 262    0.7245852     3.687888     252.116221
2029 263    0.7218200     3.698776     252.670598
2029 264    0.7185547     3.709405     253.229640
2029 265    0.7147851     3.719781     253.794196
2029 266    0.7105061     3.729908     254.365161
2029 267    0.7057119     3.739789     254.943478
2029 268    0.7003962     3.749425     255.530154
2029 269    0.6945514     3.758814     256.126268
2029 270    0.6881694     3.767953     256.732985
2029 271    0.6812407     3.776837     257.351566
2029 272    0.6737550     3.785458     257.983392
2029 273    0.6657007     3.793805     258.629976
2029 274    0.6570652     3.801863     259.292993
2029 275    0.6478340     3.809615     259.974303
2029 276    0.6379915     3.817038     260.675990
2029 277    0.6275201     3.824101     261.400397
2029 278    0.6164004     3.830771     262.150184
2029 279    0.6046106     3.837001     262.928385
2029 280    0.5921265     3.842737     263.738490
2029 281    0.5789212     3.847909     264.584543
2029 282    0.5649641     3.852433     265.471269
2029 283    0.5502211     3.856199     266.404241
2029 284    0.5346534     3.859071     267.390093
2029 285    0.5182170     3.860873     268.436811
2029 286    0.5008614     3.861380     269.554121
2029 287    0.4825286     3.860294     270.754033
2029 288    0.4631511     3.857220     272.051580
2029 289    0.4426498     3.851623     273.465942
2029 290    0.4209309     3.842762     275.022046
2029 291    0.3978822     3.829584     276.753057
2029 292    0.3733667     3.810552     278.704318
2029 293    0.3472152     3.783331     280.939893
2029 294    0.3192137     3.744219     283.554037
2029 295    0.2890852     3.686995     286.692656
2029 296    0.2564610     3.600425     290.597040
2029 297    0.2208331     3.462084     295.703533
2029 298    0.1814813     3.220467     302.908685
2029 299    0.1373964     2.728934     314.456821
2029 300    0.0878003     1.393991     338.249431
2029 301    0.0462802    -3.280241      57.500324
2029 302    0.0789066    -1.695726     153.366866
2029 303    0.1292350     0.144111     181.517789
2029 304    0.1742516     0.993178     194.265029
2029 305    0.2143392     1.485177     201.971649
2029 306    0.2505502     1.812454     207.340157
2029 307    0.2836512     2.049533     211.400998
2029 308    0.3141804     2.231359     214.641670
2029 309    0.3425267     2.376600     217.326679
2029 310    0.3689804     2.496196     219.613807
2029 311    0.3937647     2.597020     221.603941
2029 312    0.4170558     2.683625     223.365112
2029 313    0.4389952     2.759161     224.945162
2029 314    0.4596992     2.825884     226.378903
2029 315    0.4792644     2.885453     227.692385
2029 316    0.4977721     2.939125     228.905574
2029 317    0.5152916     2.987866     230.034082
2029 318    0.5318826     3.032434     231.090336
2029 319    0.5475966     3.073434     232.084379
2029 320    0.5624788     3.111356     233.024440
2029 321    0.5765687     3.146599     233.917340
2029 322    0.5899012     3.179494     234.768800
2029 323    0.6025075     3.210318     235.583664
2029 324    0.6144150     3.239302     236.366072
2029 325    0.6256485     3.266644     237.119590
2029 326    0.6362300     3.292515     237.847316
2029 327    0.6461794     3.317058     238.551961
2029 328    0.6555146     3.340401     239.235914
2029 329    0.6642516     3.362653     239.901293
2029 330    0.6724049     3.383911     240.549991
2029 331    0.6799875     3.404259     241.183707
2029 332    0.6870113     3.423772     241.803978
2029 333    0.6934867     3.442517     242.412202
2029 334    0.6994232     3.460553     243.009657
2029 335    0.7048294     3.477932     243.597520
2029 336    0.7097127     3.494701     244.176884
2029 337    0.7140798     3.510904     244.748763
2029 338    0.7179367     3.526579     245.314112
2029 339    0.7212883     3.541759     245.873831
2029 340    0.7241391     3.556477     246.428774
2029 341    0.7264928     3.570760     246.979759
2029 342    0.7283523     3.584633     247.527574
2029 343    0.7297200     3.598121     248.072984
2029 344    0.7305976     3.611244     248.616733
2029 345    0.7309862     3.624020     249.159556
2029 346    0.7308863     3.636467     249.702180
2029 347    0.7302978     3.648600     250.245330
2029 348    0.7292199     3.660433     250.789735
2029 349    0.7276514     3.671977     251.336134
2029 350    0.7255901     3.683244     251.885280
2029 351    0.7230335     3.694242     252.437947
2029 352    0.7199783     3.704979     252.994934
2029 353    0.7164207     3.715460     253.557075
2029 354    0.7123558     3.725692     254.125243
2029 355    0.7077783     3.735676     254.700361
2029 356    0.7026820     3.745415     255.283409
2029 357    0.6970599     3.754908     255.875433
2029 358    0.6909041     3.764152     256.477560
2029 359    0.6842057     3.773144     257.091010
2029 360    0.6769547     3.781877     257.717111
2029 361    0.6691402     3.790340     258.357318
2029 362    0.6607498     3.798522     259.013236
2029 363    0.6517701     3.806405     259.686643
2029 364    0.6421858     3.813968     260.379525
2029 365    0.6319801     3.821186     261.094111
